timestamp,cpu
datetime,float
,
12/21/18 09:16,13.445843959353383
12/21/18 09:16,13.445843959353383
12/21/18 09:16,13.445843959353383
12/21/18 09:16,13.445843959353383
12/21/18 09:17,13.445843959353383
12/21/18 09:17,13.445843959353383
12/21/18 09:17,13.445843959353383
12/21/18 09:17,13.445843959353383
12/21/18 09:17,13.445843959353383
12/21/18 09:17,13.445843959353383
12/21/18 09:17,13.445843959353383
12/21/18 09:17,13.445843959353383
12/21/18 09:17,13.445843959353383
12/21/18 09:17,18.047460289970914
12/21/18 09:17,18.047460289970914
12/21/18 09:17,18.03082028878761
12/21/18 09:17,18.03082028878761
12/21/18 09:17,18.03082028878761
12/21/18 09:17,18.03082028878761
12/21/18 09:17,18.03082028878761
12/21/18 09:17,18.03082028878761
12/21/18 09:17,18.03082028878761
12/21/18 09:17,18.03082028878761
12/21/18 09:17,18.03082028878761
12/21/18 09:17,18.03082028878761
12/21/18 09:17,18.03082028878761
12/21/18 09:17,18.03082028878761
12/21/18 09:17,18.03082028878761
12/21/18 09:17,18.01242524066501
12/21/18 09:17,18.01242524066501
12/21/18 09:17,16.84081101971894
12/21/18 09:17,16.84081101971894
12/21/18 09:17,16.84081101971894
12/21/18 09:17,16.84081101971894
12/21/18 09:17,16.84081101971894
12/21/18 09:17,16.84081101971894
12/21/18 09:17,16.84081101971894
12/21/18 09:17,16.84081101971894
12/21/18 09:17,16.84081101971894
12/21/18 09:17,16.84081101971894
12/21/18 09:17,16.84081101971894
12/21/18 09:17,16.84081101971894
12/21/18 09:17,16.84081101971894
12/21/18 09:17,12.66450800423894
12/21/18 09:17,12.66450800423894
12/21/18 09:17,13.422222222224164
12/21/18 09:17,13.422222222224164
12/21/18 09:17,13.422222222224164
12/21/18 09:17,13.422222222224164
12/21/18 09:17,13.422222222224164
12/21/18 09:17,13.422222222224164
12/21/18 09:17,13.422222222224164
12/21/18 09:17,13.422222222224164
12/21/18 09:17,13.422222222224164
12/21/18 09:17,13.422222222224164
12/21/18 09:17,13.422222222224164
12/21/18 09:17,13.422222222224164
12/21/18 09:17,13.422222222224164
12/21/18 09:17,17.88888888888728
12/21/18 09:17,17.88888888888728
12/21/18 09:17,18.35763245412913
12/21/18 09:17,18.35763245412913
12/21/18 09:17,18.35763245412913
12/21/18 09:18,18.35763245412913
12/21/18 09:18,18.35763245412913
12/21/18 09:18,18.35763245412913
12/21/18 09:18,18.35763245412913
12/21/18 09:18,18.35763245412913
12/21/18 09:18,18.35763245412913
12/21/18 09:18,18.35763245412913
12/21/18 09:18,18.35763245412913
12/21/18 09:18,18.35763245412913
12/21/18 09:18,13.357632454137217
12/21/18 09:18,13.357632454137217
12/21/18 09:18,13.357632454137217
12/21/18 09:18,13.086793934417244
12/21/18 09:18,13.086793934417244
12/21/18 09:18,13.086793934417244
12/21/18 09:18,13.086793934417244
12/21/18 09:18,13.086793934417244
12/21/18 09:18,13.086793934417244
12/21/18 09:18,13.086793934417244
12/21/18 09:18,13.086793934417244
12/21/18 09:18,13.086793934417244
12/21/18 09:18,13.086793934417244
12/21/18 09:18,13.086793934417244
12/21/18 09:18,13.086793934417244
12/21/18 09:18,13.112713687911594
12/21/18 09:18,13.112713687911594
12/21/18 09:18,14.082545991895316
12/21/18 09:18,14.082545991895316
12/21/18 09:18,14.082545991895316
12/21/18 09:18,14.082545991895316
12/21/18 09:18,14.082545991895316
12/21/18 09:18,14.082545991895316
12/21/18 09:18,14.082545991895316
12/21/18 09:18,14.082545991895316
12/21/18 09:18,14.082545991895316
12/21/18 09:18,14.082545991895316
12/21/18 09:18,14.082545991895316
12/21/18 09:18,14.082545991895316
12/21/18 09:18,14.082545991895316
12/21/18 09:18,14.33801490512461
12/21/18 09:18,14.33801490512461
12/21/18 09:18,13.37993475182759
12/21/18 09:18,13.37993475182759
12/21/18 09:18,13.37993475182759
12/21/18 09:18,13.37993475182759
12/21/18 09:18,13.37993475182759
12/21/18 09:18,13.37993475182759
12/21/18 09:18,13.37993475182759
12/21/18 09:18,13.37993475182759
12/21/18 09:18,13.37993475182759
12/21/18 09:18,13.37993475182759
12/21/18 09:18,13.37993475182759
12/21/18 09:18,13.37993475182759
12/21/18 09:18,13.37993475182759
12/21/18 09:18,12.924436196607076
12/21/18 09:18,12.924436196607076
12/21/18 09:18,14.118808092818043
12/21/18 09:18,14.118808092818043
12/21/18 09:18,14.118808092818043
12/21/18 09:18,14.118808092818043
12/21/18 09:19,14.118808092818043
12/21/18 09:19,14.118808092818043
12/21/18 09:19,14.118808092818043
12/21/18 09:19,14.118808092818043
12/21/18 09:19,14.118808092818043
12/21/18 09:19,14.118808092818043
12/21/18 09:19,14.118808092818043
12/21/18 09:19,14.118808092818043
12/21/18 09:19,14.118808092818043
12/21/18 09:19,9.534171368399555
12/21/18 09:19,9.534171368399555
12/21/18 09:19,9.170509139704464
12/21/18 09:19,9.170509139704464
12/21/18 09:19,9.170509139704464
12/21/18 09:19,9.170509139704464
12/21/18 09:19,9.170509139704464
12/21/18 09:19,9.170509139704464
12/21/18 09:19,9.170509139704464
12/21/18 09:19,9.170509139704464
12/21/18 09:19,9.170509139704464
12/21/18 09:19,9.170509139704464
12/21/18 09:19,9.170509139704464
12/21/18 09:19,9.170509139704464
12/21/18 09:19,9.170509139704464
12/21/18 09:19,14.282479245655551
12/21/18 09:19,14.282479245655551
12/21/18 09:19,14.64211238193333
12/21/18 09:19,14.64211238193333
12/21/18 09:19,14.64211238193333
12/21/18 09:19,14.64211238193333
12/21/18 09:19,14.64211238193333
12/21/18 09:19,14.64211238193333
12/21/18 09:19,14.64211238193333
12/21/18 09:19,14.64211238193333
12/21/18 09:19,14.64211238193333
12/21/18 09:19,14.64211238193333
12/21/18 09:19,14.64211238193333
12/21/18 09:19,14.64211238193333
12/21/18 09:19,15.47028716603883
12/21/18 09:19,15.47028716603883
12/21/18 09:19,15.47028716603883
12/21/18 09:19,14.13695383270067
12/21/18 09:19,14.13695383270067
12/21/18 09:19,14.13695383270067
12/21/18 09:19,14.13695383270067
12/21/18 09:19,14.13695383270067
12/21/18 09:19,14.13695383270067
12/21/18 09:19,14.13695383270067
12/21/18 09:19,14.13695383270067
12/21/18 09:19,14.13695383270067
12/21/18 09:19,14.13695383270067
12/21/18 09:19,14.13695383270067
12/21/18 09:19,14.13695383270067
12/21/18 09:19,17.463267921558355
12/21/18 09:19,17.463267921558355
12/21/18 09:19,17.909786301816098
12/21/18 09:19,17.909786301816098
12/21/18 09:19,17.909786301816098
12/21/18 09:19,17.909786301816098
12/21/18 09:20,17.909786301816098
12/21/18 09:20,17.909786301816098
12/21/18 09:20,17.909786301816098
12/21/18 09:20,17.909786301816098
12/21/18 09:20,17.909786301816098
12/21/18 09:20,17.909786301816098
12/21/18 09:20,17.909786301816098
12/21/18 09:20,17.909786301816098
12/21/18 09:20,17.909786301816098
12/21/18 09:20,13.416574902449554
12/21/18 09:20,13.416574902449554
12/21/18 09:20,13.308892162946663
12/21/18 09:20,13.308892162946663
12/21/18 09:20,13.308892162946663
12/21/18 09:20,13.308892162946663
12/21/18 09:20,13.308892162946663
12/21/18 09:20,13.308892162946663
12/21/18 09:20,13.308892162946663
12/21/18 09:20,13.308892162946663
12/21/18 09:20,13.308892162946663
12/21/18 09:20,13.308892162946663
12/21/18 09:20,13.308892162946663
12/21/18 09:20,13.308892162946663
12/21/18 09:20,13.308892162946663
12/21/18 09:20,13.52517095211239
12/21/18 09:20,13.52517095211239
12/21/18 09:20,14.183924206925951
12/21/18 09:20,14.183924206925951
12/21/18 09:20,14.183924206925951
12/21/18 09:20,14.183924206925951
12/21/18 09:20,14.183924206925951
12/21/18 09:20,14.183924206925951
12/21/18 09:20,14.183924206925951
12/21/18 09:20,14.183924206925951
12/21/18 09:20,14.183924206925951
12/21/18 09:20,14.183924206925951
12/21/18 09:20,14.183924206925951
12/21/18 09:20,14.183924206925951
12/21/18 09:20,14.183924206925951
12/21/18 09:20,10.442033340004741
12/21/18 09:20,10.442033340004741
12/21/18 09:20,10.52927056940473
12/21/18 09:20,10.52927056940473
12/21/18 09:20,10.52927056940473
12/21/18 09:20,10.52927056940473
12/21/18 09:20,10.52927056940473
12/21/18 09:20,10.52927056940473
12/21/18 09:20,10.52927056940473
12/21/18 09:20,10.52927056940473
12/21/18 09:20,10.52927056940473
12/21/18 09:20,10.52927056940473
12/21/18 09:20,10.52927056940473
12/21/18 09:20,10.52927056940473
12/21/18 09:20,10.52927056940473
12/21/18 09:20,19.484826124965778
12/21/18 09:20,19.484826124965778
12/21/18 09:20,17.755555555551027
12/21/18 09:20,17.755555555551027
12/21/18 09:20,17.755555555551027
12/21/18 09:20,17.755555555551027
12/21/18 09:21,17.755555555551027
12/21/18 09:21,17.755555555551027
12/21/18 09:21,17.755555555551027
12/21/18 09:21,17.755555555551027
12/21/18 09:21,17.755555555551027
12/21/18 09:21,17.755555555551027
12/21/18 09:21,17.755555555551027
12/21/18 09:21,17.755555555551027
12/21/18 09:21,17.755555555551027
12/21/18 09:21,21.644444444439927
12/21/18 09:21,21.644444444439927
12/21/18 09:21,21.51111111111176
12/21/18 09:21,21.51111111111176
12/21/18 09:21,21.51111111111176
12/21/18 09:21,21.51111111111176
12/21/18 09:21,21.51111111111176
12/21/18 09:21,21.51111111111176
12/21/18 09:21,21.51111111111176
12/21/18 09:21,21.51111111111176
12/21/18 09:21,21.51111111111176
12/21/18 09:21,21.51111111111176
12/21/18 09:21,21.51111111111176
12/21/18 09:21,21.51111111111176
12/21/18 09:21,12.777777777785857
12/21/18 09:21,12.777777777785857
12/21/18 09:21,12.777777777785857
12/21/18 09:21,13.91111111111563
12/21/18 09:21,13.91111111111563
12/21/18 09:21,13.91111111111563
12/21/18 09:21,13.91111111111563
12/21/18 09:21,13.91111111111563
12/21/18 09:21,13.91111111111563
12/21/18 09:21,13.91111111111563
12/21/18 09:21,13.91111111111563
12/21/18 09:21,13.91111111111563
12/21/18 09:21,13.91111111111563
12/21/18 09:21,13.91111111111563
12/21/18 09:21,13.91111111111563
12/21/18 09:21,13.244444444434407
12/21/18 09:21,13.244444444434407
12/21/18 09:21,14.244444444436041
12/21/18 09:21,14.244444444436041
12/21/18 09:21,14.244444444436041
12/21/18 09:21,14.244444444436041
12/21/18 09:21,14.244444444436041
12/21/18 09:21,14.244444444436041
12/21/18 09:21,14.244444444436041
12/21/18 09:21,14.244444444436041
12/21/18 09:21,14.244444444436041
12/21/18 09:21,14.244444444436041
12/21/18 09:21,14.244444444436041
12/21/18 09:21,14.244444444436041
12/21/18 09:21,14.244444444436041
12/21/18 09:21,14.62957827845564
12/21/18 09:21,14.62957827845564
12/21/18 09:21,13.60735605623536
12/21/18 09:21,13.60735605623536
12/21/18 09:21,13.60735605623536
12/21/18 09:21,13.60735605623536
12/21/18 09:22,13.60735605623536
12/21/18 09:22,13.60735605623536
12/21/18 09:22,13.60735605623536
12/21/18 09:22,13.60735605623536
12/21/18 09:22,13.60735605623536
12/21/18 09:22,13.60735605623536
12/21/18 09:22,13.60735605623536
12/21/18 09:22,13.60735605623536
12/21/18 09:22,13.60735605623536
12/21/18 09:22,14.0815960646608
12/21/18 09:22,14.0815960646608
12/21/18 09:22,13.99270717576998
12/21/18 09:22,13.99270717576998
12/21/18 09:22,13.99270717576998
12/21/18 09:22,13.99270717576998
12/21/18 09:22,13.99270717576998
12/21/18 09:22,13.99270717576998
12/21/18 09:22,13.99270717576998
12/21/18 09:22,13.99270717576998
12/21/18 09:22,13.99270717576998
12/21/18 09:22,13.99270717576998
12/21/18 09:22,13.99270717576998
12/21/18 09:22,13.99270717576998
12/21/18 09:22,13.99270717576998
12/21/18 09:22,18.958870890086203
12/21/18 09:22,18.958870890086203
12/21/18 09:22,18.78109311230456
12/21/18 09:22,18.78109311230456
12/21/18 09:22,18.78109311230456
12/21/18 09:22,18.78109311230456
12/21/18 09:22,18.78109311230456
12/21/18 09:22,18.78109311230456
12/21/18 09:22,18.78109311230456
12/21/18 09:22,18.78109311230456
12/21/18 09:22,18.78109311230456
12/21/18 09:22,18.78109311230456
12/21/18 09:22,18.78109311230456
12/21/18 09:22,18.78109311230456
12/21/18 09:22,18.78109311230456
12/21/18 09:22,13.822222222216737
12/21/18 09:22,13.822222222216737
12/21/18 09:22,13.844444444443482
12/21/18 09:22,13.844444444443482
12/21/18 09:22,13.844444444443482
12/21/18 09:22,13.844444444443482
12/21/18 09:22,13.844444444443482
12/21/18 09:22,13.844444444443482
12/21/18 09:22,13.844444444443482
12/21/18 09:22,13.844444444443482
12/21/18 09:22,13.844444444443482
12/21/18 09:22,13.844444444443482
12/21/18 09:22,13.844444444443482
12/21/18 09:22,13.844444444443482
12/21/18 09:22,13.844444444443482
12/21/18 09:22,18.085525701720243
12/21/18 09:22,18.085525701720243
12/21/18 09:22,18.32997014616599
12/21/18 09:22,18.32997014616599
12/21/18 09:22,18.32997014616599
12/21/18 09:23,18.32997014616599
12/21/18 09:23,18.32997014616599
12/21/18 09:23,18.32997014616599
12/21/18 09:23,18.32997014616599
12/21/18 09:23,18.32997014616599
12/21/18 09:23,18.32997014616599
12/21/18 09:23,18.32997014616599
12/21/18 09:23,18.32997014616599
12/21/18 09:23,18.32997014616599
12/21/18 09:23,14.24725978226148
12/21/18 09:23,14.24725978226148
12/21/18 09:23,14.24725978226148
12/21/18 09:23,14.091704226706568
12/21/18 09:23,14.091704226706568
12/21/18 09:23,14.091704226706568
12/21/18 09:23,14.091704226706568
12/21/18 09:23,14.091704226706568
12/21/18 09:23,14.091704226706568
12/21/18 09:23,14.091704226706568
12/21/18 09:23,14.091704226706568
12/21/18 09:23,14.091704226706568
12/21/18 09:23,14.091704226706568
12/21/18 09:23,14.091704226706568
12/21/18 09:23,14.091704226706568
12/21/18 09:23,13.236991617051885
12/21/18 09:23,13.236991617051885
12/21/18 09:23,14.263260707097217
12/21/18 09:23,14.263260707097217
12/21/18 09:23,14.263260707097217
12/21/18 09:23,14.263260707097217
12/21/18 09:23,14.263260707097217
12/21/18 09:23,14.263260707097217
12/21/18 09:23,14.263260707097217
12/21/18 09:23,14.263260707097217
12/21/18 09:23,14.263260707097217
12/21/18 09:23,14.263260707097217
12/21/18 09:23,14.263260707097217
12/21/18 09:23,14.263260707097217
12/21/18 09:23,14.263260707097217
12/21/18 09:23,14.263465287977226
12/21/18 09:23,14.263465287977226
12/21/18 09:23,13.255237121903406
12/21/18 09:23,13.255237121903406
12/21/18 09:23,13.255237121903406
12/21/18 09:23,13.255237121903406
12/21/18 09:23,13.255237121903406
12/21/18 09:23,13.255237121903406
12/21/18 09:23,13.255237121903406
12/21/18 09:23,13.255237121903406
12/21/18 09:23,13.255237121903406
12/21/18 09:23,13.255237121903406
12/21/18 09:23,13.255237121903406
12/21/18 09:23,13.255237121903406
12/21/18 09:23,13.255237121903406
12/21/18 09:23,13.006914254197923
12/21/18 09:23,13.006914254197923
12/21/18 09:23,12.96665110799971
12/21/18 09:23,12.96665110799971
12/21/18 09:23,12.96665110799971
12/21/18 09:23,12.96665110799971
12/21/18 09:24,12.96665110799971
12/21/18 09:24,12.96665110799971
12/21/18 09:24,12.96665110799971
12/21/18 09:24,12.96665110799971
12/21/18 09:24,12.96665110799971
12/21/18 09:24,12.96665110799971
12/21/18 09:24,12.96665110799971
12/21/18 09:24,12.96665110799971
12/21/18 09:24,12.96665110799971
12/21/18 09:24,13.548013862970194
12/21/18 09:24,13.548013862970194
12/21/18 09:24,14.33599564682487
12/21/18 09:24,14.33599564682487
12/21/18 09:24,14.33599564682487
12/21/18 09:24,14.33599564682487
12/21/18 09:24,14.33599564682487
12/21/18 09:24,14.33599564682487
12/21/18 09:24,14.33599564682487
12/21/18 09:24,14.33599564682487
12/21/18 09:24,14.33599564682487
12/21/18 09:24,14.33599564682487
12/21/18 09:24,14.33599564682487
12/21/18 09:24,14.33599564682487
12/21/18 09:24,14.33599564682487
12/21/18 09:24,13.73240622429411
12/21/18 09:24,13.73240622429411
12/21/18 09:24,13.84536919980333
12/21/18 09:24,13.84536919980333
12/21/18 09:24,13.84536919980333
12/21/18 09:24,13.84536919980333
12/21/18 09:24,13.84536919980333
12/21/18 09:24,13.84536919980333
12/21/18 09:24,13.84536919980333
12/21/18 09:24,13.84536919980333
12/21/18 09:24,13.84536919980333
12/21/18 09:24,13.84536919980333
12/21/18 09:24,13.84536919980333
12/21/18 09:24,13.84536919980333
12/21/18 09:24,13.84536919980333
12/21/18 09:24,14.163922291193884
12/21/18 09:24,14.163922291193884
12/21/18 09:24,13.091514046753403
12/21/18 09:24,13.091514046753403
12/21/18 09:24,13.091514046753403
12/21/18 09:24,13.091514046753403
12/21/18 09:24,13.091514046753403
12/21/18 09:24,13.091514046753403
12/21/18 09:24,13.091514046753403
12/21/18 09:24,13.091514046753403
12/21/18 09:24,13.091514046753403
12/21/18 09:24,13.091514046753403
12/21/18 09:24,13.091514046753403
12/21/18 09:24,13.091514046753403
12/21/18 09:24,12.406314292700884
12/21/18 09:24,12.406314292700884
12/21/18 09:24,12.406314292700884
12/21/18 09:24,12.858368157436516
12/21/18 09:24,12.858368157436516
12/21/18 09:24,12.858368157436516
12/21/18 09:25,12.858368157436516
12/21/18 09:25,12.858368157436516
12/21/18 09:25,12.858368157436516
12/21/18 09:25,12.858368157436516
12/21/18 09:25,12.858368157436516
12/21/18 09:25,12.858368157436516
12/21/18 09:25,12.858368157436516
12/21/18 09:25,12.858368157436516
12/21/18 09:25,12.858368157436516
12/21/18 09:25,18.54725704632024
12/21/18 09:25,18.54725704632024
12/21/18 09:25,18.13543541541641
12/21/18 09:25,18.13543541541641
12/21/18 09:25,18.13543541541641
12/21/18 09:25,18.13543541541641
12/21/18 09:25,18.13543541541641
12/21/18 09:25,18.13543541541641
12/21/18 09:25,18.13543541541641
12/21/18 09:25,18.13543541541641
12/21/18 09:25,18.13543541541641
12/21/18 09:25,18.13543541541641
12/21/18 09:25,18.13543541541641
12/21/18 09:25,18.13543541541641
12/21/18 09:25,18.13543541541641
12/21/18 09:25,8.177754642345306
12/21/18 09:25,8.177754642345306
12/21/18 09:25,9.308985893591682
12/21/18 09:25,9.308985893591682
12/21/18 09:25,9.308985893591682
12/21/18 09:25,9.308985893591682
12/21/18 09:25,9.308985893591682
12/21/18 09:25,9.308985893591682
12/21/18 09:25,9.308985893591682
12/21/18 09:25,9.308985893591682
12/21/18 09:25,9.308985893591682
12/21/18 09:25,9.308985893591682
12/21/18 09:25,9.308985893591682
12/21/18 09:25,9.308985893591682
12/21/18 09:25,9.308985893591682
12/21/18 09:25,14.02962567796601
12/21/18 09:25,14.02962567796601
12/21/18 09:25,13.934778485359232
12/21/18 09:25,13.934778485359232
12/21/18 09:25,13.934778485359232
12/21/18 09:25,13.934778485359232
12/21/18 09:25,13.934778485359232
12/21/18 09:25,13.934778485359232
12/21/18 09:25,13.934778485359232
12/21/18 09:25,13.934778485359232
12/21/18 09:25,13.934778485359232
12/21/18 09:25,13.934778485359232
12/21/18 09:25,13.934778485359232
12/21/18 09:25,13.934778485359232
12/21/18 09:25,13.934778485359232
12/21/18 09:25,14.567909666210312
12/21/18 09:25,14.567909666210312
12/21/18 09:25,13.579299014634486
12/21/18 09:25,13.579299014634486
12/21/18 09:25,13.579299014634486
12/21/18 09:25,13.579299014634486
12/21/18 09:26,13.579299014634486
12/21/18 09:26,13.579299014634486
12/21/18 09:26,13.579299014634486
12/21/18 09:26,13.579299014634486
12/21/18 09:26,13.579299014634486
12/21/18 09:26,13.579299014634486
12/21/18 09:26,13.579299014634486
12/21/18 09:26,13.579299014634486
12/21/18 09:26,13.579299014634486
12/21/18 09:26,20.297254440733624
12/21/18 09:26,20.297254440733624
12/21/18 09:26,19.4581531379594
12/21/18 09:26,19.4581531379594
12/21/18 09:26,19.4581531379594
12/21/18 09:26,19.4581531379594
12/21/18 09:26,19.4581531379594
12/21/18 09:26,19.4581531379594
12/21/18 09:26,19.4581531379594
12/21/18 09:26,19.4581531379594
12/21/18 09:26,19.4581531379594
12/21/18 09:26,19.4581531379594
12/21/18 09:26,19.4581531379594
12/21/18 09:26,19.4581531379594
12/21/18 09:26,19.4581531379594
12/21/18 09:26,19.499663075264095
12/21/18 09:26,19.499663075264095
12/21/18 09:26,19.433648253121405
12/21/18 09:26,19.433648253121405
12/21/18 09:26,19.433648253121405
12/21/18 09:26,19.433648253121405
12/21/18 09:26,19.433648253121405
12/21/18 09:26,19.433648253121405
12/21/18 09:26,19.433648253121405
12/21/18 09:26,19.433648253121405
12/21/18 09:26,19.433648253121405
12/21/18 09:26,19.433648253121405
12/21/18 09:26,19.433648253121405
12/21/18 09:26,19.433648253121405
12/21/18 09:26,7.871801042009281
12/21/18 09:26,7.871801042009281
12/21/18 09:26,7.871801042009281
12/21/18 09:26,9.777582680692149
12/21/18 09:26,9.777582680692149
12/21/18 09:26,9.777582680692149
12/21/18 09:26,9.777582680692149
12/21/18 09:26,9.777582680692149
12/21/18 09:26,9.777582680692149
12/21/18 09:26,9.777582680692149
12/21/18 09:26,9.777582680692149
12/21/18 09:26,9.777582680692149
12/21/18 09:26,9.777582680692149
12/21/18 09:26,9.777582680692149
12/21/18 09:26,9.777582680692149
12/21/18 09:26,13.928312112689014
12/21/18 09:26,13.928312112689014
12/21/18 09:26,14.124234678866117
12/21/18 09:26,14.124234678866117
12/21/18 09:26,14.124234678866117
12/21/18 09:26,14.124234678866117
12/21/18 09:27,14.124234678866117
12/21/18 09:27,14.124234678866117
12/21/18 09:27,14.124234678866117
12/21/18 09:27,14.124234678866117
12/21/18 09:27,14.124234678866117
12/21/18 09:27,14.124234678866117
12/21/18 09:27,14.124234678866117
12/21/18 09:27,14.124234678866117
12/21/18 09:27,14.124234678866117
12/21/18 09:27,14.802019124650613
12/21/18 09:27,14.802019124650613
12/21/18 09:27,13.591600723153533
12/21/18 09:27,13.591600723153533
12/21/18 09:27,13.591600723153533
12/21/18 09:27,13.591600723153533
12/21/18 09:27,13.591600723153533
12/21/18 09:27,13.591600723153533
12/21/18 09:27,13.591600723153533
12/21/18 09:27,13.591600723153533
12/21/18 09:27,13.591600723153533
12/21/18 09:27,13.591600723153533
12/21/18 09:27,13.591600723153533
12/21/18 09:27,13.591600723153533
12/21/18 09:27,13.591600723153533
12/21/18 09:27,18.208365505262563
12/21/18 09:27,18.208365505262563
12/21/18 09:27,18.305653671005686
12/21/18 09:27,18.305653671005686
12/21/18 09:27,18.305653671005686
12/21/18 09:27,18.305653671005686
12/21/18 09:27,18.305653671005686
12/21/18 09:27,18.305653671005686
12/21/18 09:27,18.305653671005686
12/21/18 09:27,18.305653671005686
12/21/18 09:27,18.305653671005686
12/21/18 09:27,18.305653671005686
12/21/18 09:27,18.305653671005686
12/21/18 09:27,18.305653671005686
12/21/18 09:27,18.305653671005686
12/21/18 09:27,18.583327775931124
12/21/18 09:27,18.583327775931124
12/21/18 09:27,17.494438887030583
12/21/18 09:27,17.494438887030583
12/21/18 09:27,17.494438887030583
12/21/18 09:27,17.494438887030583
12/21/18 09:27,17.494438887030583
12/21/18 09:27,17.494438887030583
12/21/18 09:27,17.494438887030583
12/21/18 09:27,17.494438887030583
12/21/18 09:27,17.494438887030583
12/21/18 09:27,17.494438887030583
12/21/18 09:27,17.494438887030583
12/21/18 09:27,17.494438887030583
12/21/18 09:27,17.494438887030583
12/21/18 09:27,12.285207161948279
12/21/18 09:27,12.285207161948279
12/21/18 09:27,13.465072207995817
12/21/18 09:27,13.465072207995817
12/21/18 09:27,13.465072207995817
12/21/18 09:28,13.465072207995817
12/21/18 09:28,13.465072207995817
12/21/18 09:28,13.465072207995817
12/21/18 09:28,13.465072207995817
12/21/18 09:28,13.465072207995817
12/21/18 09:28,13.465072207995817
12/21/18 09:28,13.465072207995817
12/21/18 09:28,13.465072207995817
12/21/18 09:28,13.465072207995817
12/21/18 09:28,13.465072207995817
12/21/18 09:28,19.68835498340529
12/21/18 09:28,19.68835498340529
12/21/18 09:28,19.708489937359673
12/21/18 09:28,19.708489937359673
12/21/18 09:28,19.708489937359673
12/21/18 09:28,19.708489937359673
12/21/18 09:28,19.708489937359673
12/21/18 09:28,19.708489937359673
12/21/18 09:28,19.708489937359673
12/21/18 09:28,19.708489937359673
12/21/18 09:28,19.708489937359673
12/21/18 09:28,19.708489937359673
12/21/18 09:28,19.708489937359673
12/21/18 09:28,19.708489937359673
12/21/18 09:28,12.633437756893713
12/21/18 09:28,12.633437756893713
12/21/18 09:28,12.633437756893713
12/21/18 09:28,12.741035420519708
12/21/18 09:28,12.741035420519708
12/21/18 09:28,12.741035420519708
12/21/18 09:28,12.741035420519708
12/21/18 09:28,12.741035420519708
12/21/18 09:28,12.741035420519708
12/21/18 09:28,12.741035420519708
12/21/18 09:28,12.741035420519708
12/21/18 09:28,12.741035420519708
12/21/18 09:28,12.741035420519708
12/21/18 09:28,12.741035420519708
12/21/18 09:28,12.741035420519708
12/21/18 09:28,13.526133714171365
12/21/18 09:28,13.526133714171365
12/21/18 09:28,13.957691748407129
12/21/18 09:28,13.957691748407129
12/21/18 09:28,13.957691748407129
12/21/18 09:28,13.957691748407129
12/21/18 09:28,13.957691748407129
12/21/18 09:28,13.957691748407129
12/21/18 09:28,13.957691748407129
12/21/18 09:28,13.957691748407129
12/21/18 09:28,13.957691748407129
12/21/18 09:28,13.957691748407129
12/21/18 09:28,13.957691748407129
12/21/18 09:28,13.957691748407129
12/21/18 09:28,13.957691748407129
12/21/18 09:28,14.613474775533973
12/21/18 09:28,14.613474775533973
12/21/18 09:28,14.138904124088228
12/21/18 09:28,14.138904124088228
12/21/18 09:28,14.138904124088228
12/21/18 09:28,14.138904124088228
12/21/18 09:29,14.138904124088228
12/21/18 09:29,14.138904124088228
12/21/18 09:29,14.138904124088228
12/21/18 09:29,14.138904124088228
12/21/18 09:29,14.138904124088228
12/21/18 09:29,14.138904124088228
12/21/18 09:29,14.138904124088228
12/21/18 09:29,14.138904124088228
12/21/18 09:29,14.138904124088228
12/21/18 09:29,13.701686289543431
12/21/18 09:29,13.701686289543431
12/21/18 09:29,14.348413688078097
12/21/18 09:29,14.348413688078097
12/21/18 09:29,14.348413688078097
12/21/18 09:29,14.348413688078097
12/21/18 09:29,14.348413688078097
12/21/18 09:29,14.348413688078097
12/21/18 09:29,14.348413688078097
12/21/18 09:29,14.348413688078097
12/21/18 09:29,14.348413688078097
12/21/18 09:29,14.348413688078097
12/21/18 09:29,14.348413688078097
12/21/18 09:29,14.348413688078097
12/21/18 09:29,14.348413688078097
12/21/18 09:29,9.363764710573221
12/21/18 09:29,9.363764710573221
12/21/18 09:29,9.561481711405591
12/21/18 09:29,9.561481711405591
12/21/18 09:29,9.561481711405591
12/21/18 09:29,9.561481711405591
12/21/18 09:29,9.561481711405591
12/21/18 09:29,9.561481711405591
12/21/18 09:29,9.561481711405591
12/21/18 09:29,9.561481711405591
12/21/18 09:29,9.561481711405591
12/21/18 09:29,9.561481711405591
12/21/18 09:29,9.561481711405591
12/21/18 09:29,9.561481711405591
12/21/18 09:29,9.561481711405591
12/21/18 09:29,14.257203276356222
12/21/18 09:29,14.257203276356222
12/21/18 09:29,14.148173830574478
12/21/18 09:29,14.148173830574478
12/21/18 09:29,14.148173830574478
12/21/18 09:29,14.148173830574478
12/21/18 09:29,14.148173830574478
12/21/18 09:29,14.148173830574478
12/21/18 09:29,14.148173830574478
12/21/18 09:29,14.148173830574478
12/21/18 09:29,14.148173830574478
12/21/18 09:29,14.148173830574478
12/21/18 09:29,14.148173830574478
12/21/18 09:29,14.148173830574478
12/21/18 09:29,14.151864939149917
12/21/18 09:29,14.151864939149917
12/21/18 09:29,14.151864939149917
12/21/18 09:29,13.285198272484536
12/21/18 09:29,13.285198272484536
12/21/18 09:29,13.285198272484536
12/21/18 09:30,13.285198272484536
12/21/18 09:30,13.285198272484536
12/21/18 09:30,13.285198272484536
12/21/18 09:30,13.285198272484536
12/21/18 09:30,13.285198272484536
12/21/18 09:30,13.285198272484536
12/21/18 09:30,13.285198272484536
12/21/18 09:30,13.285198272484536
12/21/18 09:30,13.285198272484536
12/21/18 09:30,19.574506448572876
12/21/18 09:30,19.574506448572876
12/21/18 09:30,19.37450644857256
12/21/18 09:30,19.37450644857256
12/21/18 09:30,19.37450644857256
12/21/18 09:30,19.37450644857256
12/21/18 09:30,19.37450644857256
12/21/18 09:30,19.37450644857256
12/21/18 09:30,19.37450644857256
12/21/18 09:30,19.37450644857256
12/21/18 09:30,19.37450644857256
12/21/18 09:30,19.37450644857256
12/21/18 09:30,19.37450644857256
12/21/18 09:30,19.37450644857256
12/21/18 09:30,19.37450644857256
12/21/18 09:30,13.444444444442823
12/21/18 09:30,13.444444444442823
12/21/18 09:30,13.60000000000582
12/21/18 09:30,13.60000000000582
12/21/18 09:30,13.60000000000582
12/21/18 09:30,13.60000000000582
12/21/18 09:30,13.60000000000582
12/21/18 09:30,13.60000000000582
12/21/18 09:30,13.60000000000582
12/21/18 09:30,13.60000000000582
12/21/18 09:30,13.60000000000582
12/21/18 09:30,13.60000000000582
12/21/18 09:30,13.60000000000582
12/21/18 09:30,13.60000000000582
12/21/18 09:30,13.60000000000582
12/21/18 09:30,13.088888888895681
12/21/18 09:30,13.088888888895681
12/21/18 09:30,14.244444444444127
12/21/18 09:30,14.244444444444127
12/21/18 09:30,14.244444444444127
12/21/18 09:30,14.244444444444127
12/21/18 09:30,14.244444444444127
12/21/18 09:30,14.244444444444127
12/21/18 09:30,14.244444444444127
12/21/18 09:30,14.244444444444127
12/21/18 09:30,14.244444444444127
12/21/18 09:30,14.244444444444127
12/21/18 09:30,14.244444444444127
12/21/18 09:30,14.244444444444127
12/21/18 09:30,14.244444444444127
12/21/18 09:30,10.043788629079415
12/21/18 09:30,10.043788629079415
12/21/18 09:30,9.892285866485452
12/21/18 09:30,9.892285866485452
12/21/18 09:30,9.892285866485452
12/21/18 09:30,9.892285866485452
12/21/18 09:31,9.892285866485452
12/21/18 09:31,9.892285866485452
12/21/18 09:31,9.892285866485452
12/21/18 09:31,9.892285866485452
12/21/18 09:31,9.892285866485452
12/21/18 09:31,9.892285866485452
12/21/18 09:31,9.892285866485452
12/21/18 09:31,9.892285866485452
12/21/18 09:31,9.892285866485452
12/21/18 09:31,18.70005652902661
12/21/18 09:31,18.70005652902661
12/21/18 09:31,16.625007603247326
12/21/18 09:31,16.625007603247326
12/21/18 09:31,16.625007603247326
12/21/18 09:31,16.625007603247326
12/21/18 09:31,16.625007603247326
12/21/18 09:31,16.625007603247326
12/21/18 09:31,16.625007603247326
12/21/18 09:31,16.625007603247326
12/21/18 09:31,16.625007603247326
12/21/18 09:31,16.625007603247326
12/21/18 09:31,16.625007603247326
12/21/18 09:31,16.625007603247326
12/21/18 09:31,20.462337200513687
12/21/18 09:31,20.462337200513687
12/21/18 09:31,20.462337200513687
12/21/18 09:31,21.04657022865402
12/21/18 09:31,21.04657022865402
12/21/18 09:31,21.04657022865402
12/21/18 09:31,21.04657022865402
12/21/18 09:31,21.04657022865402
12/21/18 09:31,21.04657022865402
12/21/18 09:31,21.04657022865402
12/21/18 09:31,21.04657022865402
12/21/18 09:31,21.04657022865402
12/21/18 09:31,21.04657022865402
12/21/18 09:31,21.04657022865402
12/21/18 09:31,21.04657022865402
12/21/18 09:31,16.10141703707916
12/21/18 09:31,16.10141703707916
12/21/18 09:31,16.452744446039617
12/21/18 09:31,16.452744446039617
12/21/18 09:31,16.452744446039617
12/21/18 09:31,16.452744446039617
12/21/18 09:31,16.452744446039617
12/21/18 09:31,16.452744446039617
12/21/18 09:31,16.452744446039617
12/21/18 09:31,16.452744446039617
12/21/18 09:31,16.452744446039617
12/21/18 09:31,16.452744446039617
12/21/18 09:31,16.452744446039617
12/21/18 09:31,16.452744446039617
12/21/18 09:31,16.452744446039617
12/21/18 09:31,13.320202098504367
12/21/18 09:31,13.320202098504367
12/21/18 09:31,14.50008223866736
12/21/18 09:31,14.50008223866736
12/21/18 09:31,14.50008223866736
12/21/18 09:31,14.50008223866736
12/21/18 09:32,14.50008223866736
12/21/18 09:32,14.50008223866736
12/21/18 09:32,14.50008223866736
12/21/18 09:32,14.50008223866736
12/21/18 09:32,14.50008223866736
12/21/18 09:32,14.50008223866736
12/21/18 09:32,14.50008223866736
12/21/18 09:32,14.50008223866736
12/21/18 09:32,14.50008223866736
12/21/18 09:32,15.266666666664392
12/21/18 09:32,15.266666666664392
12/21/18 09:32,14.139629851808706
12/21/18 09:32,14.139629851808706
12/21/18 09:32,14.139629851808706
12/21/18 09:32,14.139629851808706
12/21/18 09:32,14.139629851808706
12/21/18 09:32,14.139629851808706
12/21/18 09:32,14.139629851808706
12/21/18 09:32,14.139629851808706
12/21/18 09:32,14.139629851808706
12/21/18 09:32,14.139629851808706
12/21/18 09:32,14.139629851808706
12/21/18 09:32,14.139629851808706
12/21/18 09:32,14.139629851808706
12/21/18 09:32,13.384074296252834
12/21/18 09:32,13.384074296252834
12/21/18 09:32,13.371478740185367
12/21/18 09:32,13.371478740185367
12/21/18 09:32,13.371478740185367
12/21/18 09:32,13.371478740185367
12/21/18 09:32,13.371478740185367
12/21/18 09:32,13.371478740185367
12/21/18 09:32,13.371478740185367
12/21/18 09:32,13.371478740185367
12/21/18 09:32,13.371478740185367
12/21/18 09:32,13.371478740185367
12/21/18 09:32,13.371478740185367
12/21/18 09:32,13.371478740185367
12/21/18 09:32,13.371478740185367
12/21/18 09:32,17.59370096241082
12/21/18 09:32,17.59370096241082
12/21/18 09:32,17.577777777777456
12/21/18 09:32,17.577777777777456
12/21/18 09:32,17.577777777777456
12/21/18 09:32,17.577777777777456
12/21/18 09:32,17.577777777777456
12/21/18 09:32,17.577777777777456
12/21/18 09:32,17.577777777777456
12/21/18 09:32,17.577777777777456
12/21/18 09:32,17.577777777777456
12/21/18 09:32,17.577777777777456
12/21/18 09:32,17.577777777777456
12/21/18 09:32,17.577777777777456
12/21/18 09:32,17.577777777777456
12/21/18 09:32,14.207237553510083
12/21/18 09:32,14.207237553510083
12/21/18 09:32,14.273904220182246
12/21/18 09:32,14.273904220182246
12/21/18 09:32,14.273904220182246
12/21/18 09:33,14.273904220182246
12/21/18 09:33,14.273904220182246
12/21/18 09:33,14.273904220182246
12/21/18 09:33,14.273904220182246
12/21/18 09:33,14.273904220182246
12/21/18 09:33,14.273904220182246
12/21/18 09:33,14.273904220182246
12/21/18 09:33,14.273904220182246
12/21/18 09:33,14.273904220182246
12/21/18 09:33,19.436020992020374
12/21/18 09:33,19.436020992020374
12/21/18 09:33,19.436020992020374
12/21/18 09:33,19.690084319282406
12/21/18 09:33,19.690084319282406
12/21/18 09:33,19.690084319282406
12/21/18 09:33,19.690084319282406
12/21/18 09:33,19.690084319282406
12/21/18 09:33,19.690084319282406
12/21/18 09:33,19.690084319282406
12/21/18 09:33,19.690084319282406
12/21/18 09:33,19.690084319282406
12/21/18 09:33,19.690084319282406
12/21/18 09:33,19.690084319282406
12/21/18 09:33,19.690084319282406
12/21/18 09:33,13.854543711576255
12/21/18 09:33,13.854543711576255
12/21/18 09:33,13.598803851317996
12/21/18 09:33,13.598803851317996
12/21/18 09:33,13.598803851317996
12/21/18 09:33,13.598803851317996
12/21/18 09:33,13.598803851317996
12/21/18 09:33,13.598803851317996
12/21/18 09:33,13.598803851317996
12/21/18 09:33,13.598803851317996
12/21/18 09:33,13.598803851317996
12/21/18 09:33,13.598803851317996
12/21/18 09:33,13.598803851317996
12/21/18 09:33,13.598803851317996
12/21/18 09:33,13.598803851317996
12/21/18 09:33,13.150185442999643
12/21/18 09:33,13.150185442999643
12/21/18 09:33,14.206436377115935
12/21/18 09:33,14.206436377115935
12/21/18 09:33,14.206436377115935
12/21/18 09:33,14.206436377115935
12/21/18 09:33,14.206436377115935
12/21/18 09:33,14.206436377115935
12/21/18 09:33,14.206436377115935
12/21/18 09:33,14.206436377115935
12/21/18 09:33,14.206436377115935
12/21/18 09:33,14.206436377115935
12/21/18 09:33,14.206436377115935
12/21/18 09:33,14.206436377115935
12/21/18 09:33,14.206436377115935
12/21/18 09:33,14.798869986448082
12/21/18 09:33,14.798869986448082
12/21/18 09:33,13.992244354587328
12/21/18 09:33,13.992244354587328
12/21/18 09:33,13.992244354587328
12/21/18 09:33,13.992244354587328
12/21/18 09:34,13.992244354587328
12/21/18 09:34,13.992244354587328
12/21/18 09:34,13.992244354587328
12/21/18 09:34,13.992244354587328
12/21/18 09:34,13.992244354587328
12/21/18 09:34,13.992244354587328
12/21/18 09:34,13.992244354587328
12/21/18 09:34,13.992244354587328
12/21/18 09:34,13.992244354587328
12/21/18 09:34,14.170355472831304
12/21/18 09:34,14.170355472831304
12/21/18 09:34,13.841924461797475
12/21/18 09:34,13.841924461797475
12/21/18 09:34,13.841924461797475
12/21/18 09:34,13.841924461797475
12/21/18 09:34,13.841924461797475
12/21/18 09:34,13.841924461797475
12/21/18 09:34,13.841924461797475
12/21/18 09:34,13.841924461797475
12/21/18 09:34,13.841924461797475
12/21/18 09:34,13.841924461797475
12/21/18 09:34,13.841924461797475
12/21/18 09:34,13.841924461797475
12/21/18 09:34,13.841924461797475
12/21/18 09:34,12.697295536003267
12/21/18 09:34,12.697295536003267
12/21/18 09:34,13.991938591021992
12/21/18 09:34,13.991938591021992
12/21/18 09:34,13.991938591021992
12/21/18 09:34,13.991938591021992
12/21/18 09:34,13.991938591021992
12/21/18 09:34,13.991938591021992
12/21/18 09:34,13.991938591021992
12/21/18 09:34,13.991938591021992
12/21/18 09:34,13.991938591021992
12/21/18 09:34,13.991938591021992
12/21/18 09:34,13.991938591021992
12/21/18 09:34,13.991938591021992
12/21/18 09:34,13.991938591021992
12/21/18 09:34,14.958158858857402
12/21/18 09:34,14.958158858857402
12/21/18 09:34,14.477331378942324
12/21/18 09:34,14.477331378942324
12/21/18 09:34,14.477331378942324
12/21/18 09:34,14.477331378942324
12/21/18 09:34,14.477331378942324
12/21/18 09:34,14.477331378942324
12/21/18 09:34,14.477331378942324
12/21/18 09:34,14.477331378942324
12/21/18 09:34,14.477331378942324
12/21/18 09:34,14.477331378942324
12/21/18 09:34,14.477331378942324
12/21/18 09:34,14.477331378942324
12/21/18 09:34,14.148369500773057
12/21/18 09:34,14.148369500773057
12/21/18 09:34,14.148369500773057
12/21/18 09:34,13.703925056327009
12/21/18 09:34,13.703925056327009
12/21/18 09:34,13.703925056327009
12/21/18 09:35,13.703925056327009
12/21/18 09:35,13.703925056327009
12/21/18 09:35,13.703925056327009
12/21/18 09:35,13.703925056327009
12/21/18 09:35,13.703925056327009
12/21/18 09:35,13.703925056327009
12/21/18 09:35,13.703925056327009
12/21/18 09:35,13.703925056327009
12/21/18 09:35,13.703925056327009
12/21/18 09:35,13.907448644729001
12/21/18 09:35,13.907448644729001
12/21/18 09:35,13.465110726522596
12/21/18 09:35,13.465110726522596
12/21/18 09:35,13.465110726522596
12/21/18 09:35,13.465110726522596
12/21/18 09:35,13.465110726522596
12/21/18 09:35,13.465110726522596
12/21/18 09:35,13.465110726522596
12/21/18 09:35,13.465110726522596
12/21/18 09:35,13.465110726522596
12/21/18 09:35,13.465110726522596
12/21/18 09:35,13.465110726522596
12/21/18 09:35,13.465110726522596
12/21/18 09:35,13.465110726522596
12/21/18 09:35,15.557662081795229
12/21/18 09:35,15.557662081795229
12/21/18 09:35,15.731238378858777
12/21/18 09:35,15.731238378858777
12/21/18 09:35,15.731238378858777
12/21/18 09:35,15.731238378858777
12/21/18 09:35,15.731238378858777
12/21/18 09:35,15.731238378858777
12/21/18 09:35,15.731238378858777
12/21/18 09:35,15.731238378858777
12/21/18 09:35,15.731238378858777
12/21/18 09:35,15.731238378858777
12/21/18 09:35,15.731238378858777
12/21/18 09:35,15.731238378858777
12/21/18 09:35,15.731238378858777
12/21/18 09:35,12.357473543192086
12/21/18 09:35,12.357473543192086
12/21/18 09:35,13.20197428768033
12/21/18 09:35,13.20197428768033
12/21/18 09:35,13.20197428768033
12/21/18 09:35,13.20197428768033
12/21/18 09:35,13.20197428768033
12/21/18 09:35,13.20197428768033
12/21/18 09:35,13.20197428768033
12/21/18 09:35,13.20197428768033
12/21/18 09:35,13.20197428768033
12/21/18 09:35,13.20197428768033
12/21/18 09:35,13.20197428768033
12/21/18 09:35,13.20197428768033
12/21/18 09:35,13.20197428768033
12/21/18 09:35,14.442636993596523
12/21/18 09:35,14.442636993596523
12/21/18 09:35,14.668921439051545
12/21/18 09:35,14.668921439051545
12/21/18 09:35,14.668921439051545
12/21/18 09:35,14.668921439051545
12/21/18 09:36,14.668921439051545
12/21/18 09:36,14.668921439051545
12/21/18 09:36,14.668921439051545
12/21/18 09:36,14.668921439051545
12/21/18 09:36,14.668921439051545
12/21/18 09:36,14.668921439051545
12/21/18 09:36,14.668921439051545
12/21/18 09:36,14.668921439051545
12/21/18 09:36,14.668921439051545
12/21/18 09:36,15.131722585765445
12/21/18 09:36,15.131722585765445
12/21/18 09:36,14.08734776630638
12/21/18 09:36,14.08734776630638
12/21/18 09:36,14.08734776630638
12/21/18 09:36,14.08734776630638
12/21/18 09:36,14.08734776630638
12/21/18 09:36,14.08734776630638
12/21/18 09:36,14.08734776630638
12/21/18 09:36,14.08734776630638
12/21/18 09:36,14.08734776630638
12/21/18 09:36,14.08734776630638
12/21/18 09:36,14.08734776630638
12/21/18 09:36,14.08734776630638
12/21/18 09:36,14.08734776630638
12/21/18 09:36,18.30439480224608
12/21/18 09:36,18.30439480224608
12/21/18 09:36,17.54460220628438
12/21/18 09:36,17.54460220628438
12/21/18 09:36,17.54460220628438
12/21/18 09:36,17.54460220628438
12/21/18 09:36,17.54460220628438
12/21/18 09:36,17.54460220628438
12/21/18 09:36,17.54460220628438
12/21/18 09:36,17.54460220628438
12/21/18 09:36,17.54460220628438
12/21/18 09:36,17.54460220628438
12/21/18 09:36,17.54460220628438
12/21/18 09:36,17.54460220628438
12/21/18 09:36,19.527968531245463
12/21/18 09:36,19.527968531245463
12/21/18 09:36,19.35233460008253
12/21/18 09:36,19.35233460008253
12/21/18 09:36,19.35233460008253
12/21/18 09:36,19.35233460008253
12/21/18 09:36,19.35233460008253
12/21/18 09:36,19.35233460008253
12/21/18 09:36,19.35233460008253
12/21/18 09:36,19.35233460008253
12/21/18 09:36,19.35233460008253
12/21/18 09:36,19.35233460008253
12/21/18 09:36,19.35233460008253
12/21/18 09:36,19.35233460008253
12/21/18 09:36,19.35233460008253
12/21/18 09:36,17.23435798270411
12/21/18 09:36,17.23435798270411
12/21/18 09:36,19.084898985626594
12/21/18 09:36,19.084898985626594
12/21/18 09:36,19.084898985626594
12/21/18 09:36,19.084898985626594
12/21/18 09:37,19.084898985626594
12/21/18 09:37,19.084898985626594
12/21/18 09:37,19.084898985626594
12/21/18 09:37,19.084898985626594
12/21/18 09:37,19.084898985626594
12/21/18 09:37,19.084898985626594
12/21/18 09:37,19.084898985626594
12/21/18 09:37,19.084898985626594
12/21/18 09:37,19.084898985626594
12/21/18 09:37,14.468890441986389
12/21/18 09:37,14.468890441986389
12/21/18 09:37,14.620454235786156
12/21/18 09:37,14.620454235786156
12/21/18 09:37,14.620454235786156
12/21/18 09:37,14.620454235786156
12/21/18 09:37,14.620454235786156
12/21/18 09:37,14.620454235786156
12/21/18 09:37,14.620454235786156
12/21/18 09:37,14.620454235786156
12/21/18 09:37,14.620454235786156
12/21/18 09:37,14.620454235786156
12/21/18 09:37,14.620454235786156
12/21/18 09:37,14.620454235786156
12/21/18 09:37,14.620454235786156
12/21/18 09:37,20.878529511774715
12/21/18 09:37,20.878529511774715
12/21/18 09:37,19.84481455879215
12/21/18 09:37,19.84481455879215
12/21/18 09:37,19.84481455879215
12/21/18 09:37,19.84481455879215
12/21/18 09:37,19.84481455879215
12/21/18 09:37,19.84481455879215
12/21/18 09:37,19.84481455879215
12/21/18 09:37,19.84481455879215
12/21/18 09:37,19.84481455879215
12/21/18 09:37,19.84481455879215
12/21/18 09:37,19.84481455879215
12/21/18 09:37,19.84481455879215
12/21/18 09:37,19.84481455879215
12/21/18 09:37,19.333020411884092
12/21/18 09:37,19.333020411884092
12/21/18 09:37,19.27364672478481
12/21/18 09:37,19.27364672478481
12/21/18 09:37,19.27364672478481
12/21/18 09:37,19.27364672478481
12/21/18 09:37,19.27364672478481
12/21/18 09:37,19.27364672478481
12/21/18 09:37,19.27364672478481
12/21/18 09:37,19.27364672478481
12/21/18 09:37,19.27364672478481
12/21/18 09:37,19.27364672478481
12/21/18 09:37,19.27364672478481
12/21/18 09:37,19.27364672478481
12/21/18 09:37,19.27364672478481
12/21/18 09:37,24.452805611602955
12/21/18 09:37,24.452805611602955
12/21/18 09:37,23.61260708934796
12/21/18 09:37,23.61260708934796
12/21/18 09:37,23.61260708934796
12/21/18 09:38,23.61260708934796
12/21/18 09:38,23.61260708934796
12/21/18 09:38,23.61260708934796
12/21/18 09:38,23.61260708934796
12/21/18 09:38,23.61260708934796
12/21/18 09:38,23.61260708934796
12/21/18 09:38,23.61260708934796
12/21/18 09:38,23.61260708934796
12/21/18 09:38,23.61260708934796
12/21/18 09:38,15.072328511429973
12/21/18 09:38,15.072328511429973
12/21/18 09:38,15.072328511429973
12/21/18 09:38,15.912527033684981
12/21/18 09:38,15.912527033684981
12/21/18 09:38,15.912527033684981
12/21/18 09:38,15.912527033684981
12/21/18 09:38,15.912527033684981
12/21/18 09:38,15.912527033684981
12/21/18 09:38,15.912527033684981
12/21/18 09:38,15.912527033684981
12/21/18 09:38,15.912527033684981
12/21/18 09:38,15.912527033684981
12/21/18 09:38,15.912527033684981
12/21/18 09:38,15.912527033684981
12/21/18 09:38,13.70535813499096
12/21/18 09:38,13.70535813499096
12/21/18 09:38,13.663008645024021
12/21/18 09:38,13.663008645024021
12/21/18 09:38,13.663008645024021
12/21/18 09:38,13.663008645024021
12/21/18 09:38,13.663008645024021
12/21/18 09:38,13.663008645024021
12/21/18 09:38,13.663008645024021
12/21/18 09:38,13.663008645024021
12/21/18 09:38,13.663008645024021
12/21/18 09:38,13.663008645024021
12/21/18 09:38,13.663008645024021
12/21/18 09:38,13.663008645024021
12/21/18 09:38,13.663008645024021
12/21/18 09:38,19.555555555553937
12/21/18 09:38,19.555555555553937
12/21/18 09:38,19.521611314744362
12/21/18 09:38,19.521611314744362
12/21/18 09:38,19.521611314744362
12/21/18 09:38,19.521611314744362
12/21/18 09:38,19.521611314744362
12/21/18 09:38,19.521611314744362
12/21/18 09:38,19.521611314744362
12/21/18 09:38,19.521611314744362
12/21/18 09:38,19.521611314744362
12/21/18 09:38,19.521611314744362
12/21/18 09:38,19.521611314744362
12/21/18 09:38,19.521611314744362
12/21/18 09:38,19.521611314744362
12/21/18 09:38,7.951906534642902
12/21/18 09:38,7.951906534642902
12/21/18 09:38,9.086839994080904
12/21/18 09:38,9.086839994080904
12/21/18 09:38,9.086839994080904
12/21/18 09:38,9.086839994080904
12/21/18 09:39,9.086839994080904
12/21/18 09:39,9.086839994080904
12/21/18 09:39,9.086839994080904
12/21/18 09:39,9.086839994080904
12/21/18 09:39,9.086839994080904
12/21/18 09:39,9.086839994080904
12/21/18 09:39,9.086839994080904
12/21/18 09:39,9.086839994080904
12/21/18 09:39,9.086839994080904
12/21/18 09:39,20.075463072434758
12/21/18 09:39,20.075463072434758
12/21/18 09:39,19.19669607602532
12/21/18 09:39,19.19669607602532
12/21/18 09:39,19.19669607602532
12/21/18 09:39,19.19669607602532
12/21/18 09:39,19.19669607602532
12/21/18 09:39,19.19669607602532
12/21/18 09:39,19.19669607602532
12/21/18 09:39,19.19669607602532
12/21/18 09:39,19.19669607602532
12/21/18 09:39,19.19669607602532
12/21/18 09:39,19.19669607602532
12/21/18 09:39,19.19669607602532
12/21/18 09:39,19.19669607602532
12/21/18 09:39,14.374152350891976
12/21/18 09:39,14.374152350891976
12/21/18 09:39,14.174152350899718
12/21/18 09:39,14.174152350899718
12/21/18 09:39,14.174152350899718
12/21/18 09:39,14.174152350899718
12/21/18 09:39,14.174152350899718
12/21/18 09:39,14.174152350899718
12/21/18 09:39,14.174152350899718
12/21/18 09:39,14.174152350899718
12/21/18 09:39,14.174152350899718
12/21/18 09:39,14.174152350899718
12/21/18 09:39,14.174152350899718
12/21/18 09:39,14.174152350899718
12/21/18 09:39,8.400000000005491
12/21/18 09:39,8.400000000005491
12/21/18 09:39,8.400000000005491
12/21/18 09:39,10.288888888891165
12/21/18 09:39,10.288888888891165
12/21/18 09:39,10.288888888891165
12/21/18 09:39,10.288888888891165
12/21/18 09:39,10.288888888891165
12/21/18 09:39,10.288888888891165
12/21/18 09:39,10.288888888891165
12/21/18 09:39,10.288888888891165
12/21/18 09:39,10.288888888891165
12/21/18 09:39,10.288888888891165
12/21/18 09:39,10.288888888891165
12/21/18 09:39,10.288888888891165
12/21/18 09:39,15.888888888900212
12/21/18 09:39,15.888888888900212
12/21/18 09:39,15.070716497065149
12/21/18 09:39,15.070716497065149
12/21/18 09:39,15.070716497065149
12/21/18 09:39,15.070716497065149
12/21/18 09:40,15.070716497065149
12/21/18 09:40,15.070716497065149
12/21/18 09:40,15.070716497065149
12/21/18 09:40,15.070716497065149
12/21/18 09:40,15.070716497065149
12/21/18 09:40,15.070716497065149
12/21/18 09:40,15.070716497065149
12/21/18 09:40,15.070716497065149
12/21/18 09:40,15.070716497065149
12/21/18 09:40,15.461825240318646
12/21/18 09:40,15.461825240318646
12/21/18 09:40,14.364690406003731
12/21/18 09:40,14.364690406003731
12/21/18 09:40,14.364690406003731
12/21/18 09:40,14.364690406003731
12/21/18 09:40,14.364690406003731
12/21/18 09:40,14.364690406003731
12/21/18 09:40,14.364690406003731
12/21/18 09:40,14.364690406003731
12/21/18 09:40,14.364690406003731
12/21/18 09:40,14.364690406003731
12/21/18 09:40,14.364690406003731
12/21/18 09:40,14.364690406003731
12/21/18 09:40,14.364690406003731
12/21/18 09:40,18.58697669151036
12/21/18 09:40,18.58697669151036
12/21/18 09:40,17.81339502877337
12/21/18 09:40,17.81339502877337
12/21/18 09:40,17.81339502877337
12/21/18 09:40,17.81339502877337
12/21/18 09:40,17.81339502877337
12/21/18 09:40,17.81339502877337
12/21/18 09:40,17.81339502877337
12/21/18 09:40,17.81339502877337
12/21/18 09:40,17.81339502877337
12/21/18 09:40,17.81339502877337
12/21/18 09:40,17.81339502877337
12/21/18 09:40,17.81339502877337
12/21/18 09:40,17.81339502877337
12/21/18 09:40,12.288888888894391
12/21/18 09:40,12.288888888894391
12/21/18 09:40,14.333333333334949
12/21/18 09:40,14.333333333334949
12/21/18 09:40,14.333333333334949
12/21/18 09:40,14.333333333334949
12/21/18 09:40,14.333333333334949
12/21/18 09:40,14.333333333334949
12/21/18 09:40,14.333333333334949
12/21/18 09:40,14.333333333334949
12/21/18 09:40,14.333333333334949
12/21/18 09:40,14.333333333334949
12/21/18 09:40,14.333333333334949
12/21/18 09:40,14.333333333334949
12/21/18 09:40,14.333333333334949
12/21/18 09:40,14.977777777781341
12/21/18 09:40,14.977777777781341
12/21/18 09:40,13.826402405607766
12/21/18 09:40,13.826402405607766
12/21/18 09:40,13.826402405607766
12/21/18 09:41,13.826402405607766
12/21/18 09:41,13.826402405607766
12/21/18 09:41,13.826402405607766
12/21/18 09:41,13.826402405607766
12/21/18 09:41,13.826402405607766
12/21/18 09:41,13.826402405607766
12/21/18 09:41,13.826402405607766
12/21/18 09:41,13.826402405607766
12/21/18 09:41,13.826402405607766
12/21/18 09:41,13.826402405607766
12/21/18 09:41,8.993888908298501
12/21/18 09:41,8.993888908298501
12/21/18 09:41,10.696866716352403
12/21/18 09:41,10.696866716352403
12/21/18 09:41,10.696866716352403
12/21/18 09:41,10.696866716352403
12/21/18 09:41,10.696866716352403
12/21/18 09:41,10.696866716352403
12/21/18 09:41,10.696866716352403
12/21/18 09:41,10.696866716352403
12/21/18 09:41,10.696866716352403
12/21/18 09:41,10.696866716352403
12/21/18 09:41,10.696866716352403
12/21/18 09:41,10.696866716352403
12/21/18 09:41,20.25269376525506
12/21/18 09:41,20.25269376525506
12/21/18 09:41,49.90109132937504
12/21/18 09:41,17.478869107152505
12/21/18 09:41,17.478869107152505
12/21/18 09:41,17.478869107152505
12/21/18 09:41,17.478869107152505
12/21/18 09:41,17.478869107152505
12/21/18 09:41,17.478869107152505
12/21/18 09:41,17.478869107152505
12/21/18 09:41,17.478869107152505
12/21/18 09:41,17.478869107152505
12/21/18 09:41,17.478869107152505
12/21/18 09:41,17.478869107152505
12/21/18 09:41,17.478869107152505
12/21/18 09:41,18.28888888888791
12/21/18 09:41,18.28888888888791
12/21/18 09:41,18.422222222224164
12/21/18 09:41,18.422222222224164
12/21/18 09:41,18.422222222224164
12/21/18 09:41,18.422222222224164
12/21/18 09:41,18.422222222224164
12/21/18 09:41,18.422222222224164
12/21/18 09:41,18.422222222224164
12/21/18 09:41,18.422222222224164
12/21/18 09:41,18.422222222224164
12/21/18 09:41,18.422222222224164
12/21/18 09:41,18.422222222224164
12/21/18 09:41,18.422222222224164
12/21/18 09:41,18.422222222224164
12/21/18 09:41,17.84776866727954
12/21/18 09:41,17.84776866727954
12/21/18 09:41,18.91443533393715
12/21/18 09:41,18.91443533393715
12/21/18 09:41,18.91443533393715
12/21/18 09:41,18.91443533393715
12/21/18 09:42,18.91443533393715
12/21/18 09:42,18.91443533393715
12/21/18 09:42,18.91443533393715
12/21/18 09:42,18.91443533393715
12/21/18 09:42,18.91443533393715
12/21/18 09:42,18.91443533393715
12/21/18 09:42,18.91443533393715
12/21/18 09:42,18.91443533393715
12/21/18 09:42,18.91443533393715
12/21/18 09:42,13.822222222216737
12/21/18 09:42,13.822222222216737
12/21/18 09:42,13.53333333334173
12/21/18 09:42,13.53333333334173
12/21/18 09:42,13.53333333334173
12/21/18 09:42,13.53333333334173
12/21/18 09:42,13.53333333334173
12/21/18 09:42,13.53333333334173
12/21/18 09:42,13.53333333334173
12/21/18 09:42,13.53333333334173
12/21/18 09:42,13.53333333334173
12/21/18 09:42,13.53333333334173
12/21/18 09:42,13.53333333334173
12/21/18 09:42,13.53333333334173
12/21/18 09:42,13.53333333334173
12/21/18 09:42,10.996167151893914
12/21/18 09:42,10.996167151893914
12/21/18 09:42,11.973944929660703
12/21/18 09:42,11.973944929660703
12/21/18 09:42,11.973944929660703
12/21/18 09:42,11.973944929660703
12/21/18 09:42,11.973944929660703
12/21/18 09:42,11.973944929660703
12/21/18 09:42,11.973944929660703
12/21/18 09:42,11.973944929660703
12/21/18 09:42,11.973944929660703
12/21/18 09:42,11.973944929660703
12/21/18 09:42,11.973944929660703
12/21/18 09:42,11.973944929660703
12/21/18 09:42,11.973944929660703
12/21/18 09:42,17.066666666659216
12/21/18 09:42,17.066666666659216
12/21/18 09:42,16.199999999993864
12/21/18 09:42,16.199999999993864
12/21/18 09:42,16.199999999993864
12/21/18 09:42,16.199999999993864
12/21/18 09:42,16.199999999993864
12/21/18 09:42,16.199999999993864
12/21/18 09:42,16.199999999993864
12/21/18 09:42,16.199999999993864
12/21/18 09:42,16.199999999993864
12/21/18 09:42,16.199999999993864
12/21/18 09:42,16.199999999993864
12/21/18 09:42,16.199999999993864
12/21/18 09:42,13.955555555552962
12/21/18 09:42,13.955555555552962
12/21/18 09:42,13.955555555552962
12/21/18 09:42,14.179856157739906
12/21/18 09:42,14.179856157739906
12/21/18 09:42,14.179856157739906
12/21/18 09:43,14.179856157739906
12/21/18 09:43,14.179856157739906
12/21/18 09:43,14.179856157739906
12/21/18 09:43,14.179856157739906
12/21/18 09:43,14.179856157739906
12/21/18 09:43,14.179856157739906
12/21/18 09:43,14.179856157739906
12/21/18 09:43,14.179856157739906
12/21/18 09:43,14.179856157739906
12/21/18 09:43,19.868745046631688
12/21/18 09:43,19.868745046631688
12/21/18 09:43,19.55345615633472
12/21/18 09:43,19.55345615633472
12/21/18 09:43,19.55345615633472
12/21/18 09:43,19.55345615633472
12/21/18 09:43,19.55345615633472
12/21/18 09:43,19.55345615633472
12/21/18 09:43,19.55345615633472
12/21/18 09:43,19.55345615633472
12/21/18 09:43,19.55345615633472
12/21/18 09:43,19.55345615633472
12/21/18 09:43,19.55345615633472
12/21/18 09:43,19.55345615633472
12/21/18 09:43,19.55345615633472
12/21/18 09:43,18.59790060077853
12/21/18 09:43,18.59790060077853
12/21/18 09:43,17.844444444449934
12/21/18 09:43,17.844444444449934
12/21/18 09:43,17.844444444449934
12/21/18 09:43,17.844444444449934
12/21/18 09:43,17.844444444449934
12/21/18 09:43,17.844444444449934
12/21/18 09:43,17.844444444449934
12/21/18 09:43,17.844444444449934
12/21/18 09:43,17.844444444449934
12/21/18 09:43,17.844444444449934
12/21/18 09:43,17.844444444449934
12/21/18 09:43,17.844444444449934
12/21/18 09:43,17.844444444449934
12/21/18 09:43,11.60000000000258
12/21/18 09:43,11.60000000000258
12/21/18 09:43,13.266666666669252
12/21/18 09:43,13.266666666669252
12/21/18 09:43,13.266666666669252
12/21/18 09:43,13.266666666669252
12/21/18 09:43,13.266666666669252
12/21/18 09:43,13.266666666669252
12/21/18 09:43,13.266666666669252
12/21/18 09:43,13.266666666669252
12/21/18 09:43,13.266666666669252
12/21/18 09:43,13.266666666669252
12/21/18 09:43,13.266666666669252
12/21/18 09:43,13.266666666669252
12/21/18 09:43,13.266666666669252
12/21/18 09:43,15.061131450290205
12/21/18 09:43,15.061131450290205
12/21/18 09:43,14.252258543278188
12/21/18 09:43,14.252258543278188
12/21/18 09:43,14.252258543278188
12/21/18 09:43,14.252258543278188
12/21/18 09:44,14.252258543278188
12/21/18 09:44,14.252258543278188
12/21/18 09:44,14.252258543278188
12/21/18 09:44,14.252258543278188
12/21/18 09:44,14.252258543278188
12/21/18 09:44,14.252258543278188
12/21/18 09:44,14.252258543278188
12/21/18 09:44,14.252258543278188
12/21/18 09:44,14.252258543278188
12/21/18 09:44,13.92950074741043
12/21/18 09:44,13.92950074741043
12/21/18 09:44,15.01514362334892
12/21/18 09:44,15.01514362334892
12/21/18 09:44,15.01514362334892
12/21/18 09:44,15.01514362334892
12/21/18 09:44,15.01514362334892
12/21/18 09:44,15.01514362334892
12/21/18 09:44,15.01514362334892
12/21/18 09:44,15.01514362334892
12/21/18 09:44,15.01514362334892
12/21/18 09:44,15.01514362334892
12/21/18 09:44,15.01514362334892
12/21/18 09:44,15.01514362334892
12/21/18 09:44,15.01514362334892
12/21/18 09:44,14.902645280946572
12/21/18 09:44,14.902645280946572
12/21/18 09:44,13.714764200909329
12/21/18 09:44,13.714764200909329
12/21/18 09:44,13.714764200909329
12/21/18 09:44,13.714764200909329
12/21/18 09:44,13.714764200909329
12/21/18 09:44,13.714764200909329
12/21/18 09:44,13.714764200909329
12/21/18 09:44,13.714764200909329
12/21/18 09:44,13.714764200909329
12/21/18 09:44,13.714764200909329
12/21/18 09:44,13.714764200909329
12/21/18 09:44,13.714764200909329
12/21/18 09:44,13.324793595947668
12/21/18 09:44,13.324793595947668
12/21/18 09:44,13.324793595947668
12/21/18 09:44,14.391460262605293
12/21/18 09:44,14.391460262605293
12/21/18 09:44,14.391460262605293
12/21/18 09:44,14.391460262605293
12/21/18 09:44,14.391460262605293
12/21/18 09:44,14.391460262605293
12/21/18 09:44,14.391460262605293
12/21/18 09:44,14.391460262605293
12/21/18 09:44,14.391460262605293
12/21/18 09:44,14.391460262605293
12/21/18 09:44,14.391460262605293
12/21/18 09:44,14.391460262605293
12/21/18 09:44,15.329761374099277
12/21/18 09:44,15.329761374099277
12/21/18 09:44,14.551983596332818
12/21/18 09:44,14.551983596332818
12/21/18 09:44,14.551983596332818
12/21/18 09:44,14.551983596332818
12/21/18 09:45,14.551983596332818
12/21/18 09:45,14.551983596332818
12/21/18 09:45,14.551983596332818
12/21/18 09:45,14.551983596332818
12/21/18 09:45,14.551983596332818
12/21/18 09:45,14.551983596332818
12/21/18 09:45,14.551983596332818
12/21/18 09:45,14.551983596332818
12/21/18 09:45,14.551983596332818
12/21/18 09:45,9.743744304415145
12/21/18 09:45,9.743744304415145
12/21/18 09:45,10.74374430440868
12/21/18 09:45,10.74374430440868
12/21/18 09:45,10.74374430440868
12/21/18 09:45,10.74374430440868
12/21/18 09:45,10.74374430440868
12/21/18 09:45,10.74374430440868
12/21/18 09:45,10.74374430440868
12/21/18 09:45,10.74374430440868
12/21/18 09:45,10.74374430440868
12/21/18 09:45,10.74374430440868
12/21/18 09:45,10.74374430440868
12/21/18 09:45,10.74374430440868
12/21/18 09:45,10.74374430440868
12/21/18 09:45,19.714450147773746
12/21/18 09:45,19.714450147773746
12/21/18 09:45,18.34088217905264
12/21/18 09:45,18.34088217905264
12/21/18 09:45,18.34088217905264
12/21/18 09:45,18.34088217905264
12/21/18 09:45,18.34088217905264
12/21/18 09:45,18.34088217905264
12/21/18 09:45,18.34088217905264
12/21/18 09:45,18.34088217905264
12/21/18 09:45,18.34088217905264
12/21/18 09:45,18.34088217905264
12/21/18 09:45,18.34088217905264
12/21/18 09:45,18.34088217905264
12/21/18 09:45,18.34088217905264
12/21/18 09:45,13.622778454365687
12/21/18 09:45,13.622778454365687
12/21/18 09:45,13.636582899068173
12/21/18 09:45,13.636582899068173
12/21/18 09:45,13.636582899068173
12/21/18 09:45,13.636582899068173
12/21/18 09:45,13.636582899068173
12/21/18 09:45,13.636582899068173
12/21/18 09:45,13.636582899068173
12/21/18 09:45,13.636582899068173
12/21/18 09:45,13.636582899068173
12/21/18 09:45,13.636582899068173
12/21/18 09:45,13.636582899068173
12/21/18 09:45,13.636582899068173
12/21/18 09:45,13.636582899068173
12/21/18 09:45,13.954979937535157
12/21/18 09:45,13.954979937535157
12/21/18 09:45,15.252111812434848
12/21/18 09:45,15.252111812434848
12/21/18 09:45,15.252111812434848
12/21/18 09:46,15.252111812434848
12/21/18 09:46,15.252111812434848
12/21/18 09:46,15.252111812434848
12/21/18 09:46,15.252111812434848
12/21/18 09:46,15.252111812434848
12/21/18 09:46,15.252111812434848
12/21/18 09:46,15.252111812434848
12/21/18 09:46,15.252111812434848
12/21/18 09:46,15.252111812434848
12/21/18 09:46,15.225005408630736
12/21/18 09:46,15.225005408630736
12/21/18 09:46,15.225005408630736
12/21/18 09:46,15.023119782686663
12/21/18 09:46,15.023119782686663
12/21/18 09:46,15.023119782686663
12/21/18 09:46,15.023119782686663
12/21/18 09:46,15.023119782686663
12/21/18 09:46,15.023119782686663
12/21/18 09:46,15.023119782686663
12/21/18 09:46,15.023119782686663
12/21/18 09:46,15.023119782686663
12/21/18 09:46,15.023119782686663
12/21/18 09:46,15.023119782686663
12/21/18 09:46,15.023119782686663
12/21/18 09:46,15.066488665796058
12/21/18 09:46,15.066488665796058
12/21/18 09:46,14.176769783416248
12/21/18 09:46,14.176769783416248
12/21/18 09:46,14.176769783416248
12/21/18 09:46,14.176769783416248
12/21/18 09:46,14.176769783416248
12/21/18 09:46,14.176769783416248
12/21/18 09:46,14.176769783416248
12/21/18 09:46,14.176769783416248
12/21/18 09:46,14.176769783416248
12/21/18 09:46,14.176769783416248
12/21/18 09:46,14.176769783416248
12/21/18 09:46,14.176769783416248
12/21/18 09:46,14.176769783416248
12/21/18 09:46,18.423541620337858
12/21/18 09:46,18.423541620337858
12/21/18 09:46,17.545492215712926
12/21/18 09:46,17.545492215712926
12/21/18 09:46,17.545492215712926
12/21/18 09:46,17.545492215712926
12/21/18 09:46,17.545492215712926
12/21/18 09:46,17.545492215712926
12/21/18 09:46,17.545492215712926
12/21/18 09:46,17.545492215712926
12/21/18 09:46,17.545492215712926
12/21/18 09:46,17.545492215712926
12/21/18 09:46,17.545492215712926
12/21/18 09:46,17.545492215712926
12/21/18 09:46,17.545492215712926
12/21/18 09:46,17.12805558931136
12/21/18 09:46,17.12805558931136
12/21/18 09:46,17.117350497178393
12/21/18 09:46,17.117350497178393
12/21/18 09:46,17.117350497178393
12/21/18 09:46,17.117350497178393
12/21/18 09:47,17.117350497178393
12/21/18 09:47,17.117350497178393
12/21/18 09:47,17.117350497178393
12/21/18 09:47,17.117350497178393
12/21/18 09:47,17.117350497178393
12/21/18 09:47,17.117350497178393
12/21/18 09:47,17.117350497178393
12/21/18 09:47,17.117350497178393
12/21/18 09:47,17.117350497178393
12/21/18 09:47,12.312520474682643
12/21/18 09:47,12.312520474682643
12/21/18 09:47,14.55751099555927
12/21/18 09:47,14.55751099555927
12/21/18 09:47,14.55751099555927
12/21/18 09:47,14.55751099555927
12/21/18 09:47,14.55751099555927
12/21/18 09:47,14.55751099555927
12/21/18 09:47,14.55751099555927
12/21/18 09:47,14.55751099555927
12/21/18 09:47,14.55751099555927
12/21/18 09:47,14.55751099555927
12/21/18 09:47,14.55751099555927
12/21/18 09:47,14.55751099555927
12/21/18 09:47,14.55751099555927
12/21/18 09:47,15.509903555067027
12/21/18 09:47,15.509903555067027
12/21/18 09:47,15.439232443636328
12/21/18 09:47,15.439232443636328
12/21/18 09:47,15.439232443636328
12/21/18 09:47,15.439232443636328
12/21/18 09:47,15.439232443636328
12/21/18 09:47,15.439232443636328
12/21/18 09:47,15.439232443636328
12/21/18 09:47,15.439232443636328
12/21/18 09:47,15.439232443636328
12/21/18 09:47,15.439232443636328
12/21/18 09:47,15.439232443636328
12/21/18 09:47,15.439232443636328
12/21/18 09:47,14.972347897508655
12/21/18 09:47,14.972347897508655
12/21/18 09:47,14.972347897508655
12/21/18 09:47,13.618796920042868
12/21/18 09:47,13.618796920042868
12/21/18 09:47,13.618796920042868
12/21/18 09:47,13.618796920042868
12/21/18 09:47,13.618796920042868
12/21/18 09:47,13.618796920042868
12/21/18 09:47,13.618796920042868
12/21/18 09:47,13.618796920042868
12/21/18 09:47,13.618796920042868
12/21/18 09:47,13.618796920042868
12/21/18 09:47,13.618796920042868
12/21/18 09:47,13.618796920042868
12/21/18 09:47,19.088888888889215
12/21/18 09:47,19.088888888889215
12/21/18 09:47,18.355555555560073
12/21/18 09:47,18.355555555560073
12/21/18 09:47,18.355555555560073
12/21/18 09:47,18.355555555560073
12/21/18 09:48,18.355555555560073
12/21/18 09:48,18.355555555560073
12/21/18 09:48,18.355555555560073
12/21/18 09:48,18.355555555560073
12/21/18 09:48,18.355555555560073
12/21/18 09:48,18.355555555560073
12/21/18 09:48,18.355555555560073
12/21/18 09:48,18.355555555560073
12/21/18 09:48,18.355555555560073
12/21/18 09:48,14.222222222225454
12/21/18 09:48,14.222222222225454
12/21/18 09:48,15.155555555546826
12/21/18 09:48,15.155555555546826
12/21/18 09:48,15.155555555546826
12/21/18 09:48,15.155555555546826
12/21/18 09:48,15.155555555546826
12/21/18 09:48,15.155555555546826
12/21/18 09:48,15.155555555546826
12/21/18 09:48,15.155555555546826
12/21/18 09:48,15.155555555546826
12/21/18 09:48,15.155555555546826
12/21/18 09:48,15.155555555546826
12/21/18 09:48,15.155555555546826
12/21/18 09:48,15.155555555546826
12/21/18 09:48,19.33333333333495
12/21/18 09:48,19.33333333333495
12/21/18 09:48,19.20000000001488
12/21/18 09:48,19.20000000001488
12/21/18 09:48,19.20000000001488
12/21/18 09:48,19.20000000001488
12/21/18 09:48,19.20000000001488
12/21/18 09:48,19.20000000001488
12/21/18 09:48,19.20000000001488
12/21/18 09:48,19.20000000001488
12/21/18 09:48,19.20000000001488
12/21/18 09:48,19.20000000001488
12/21/18 09:48,19.20000000001488
12/21/18 09:48,19.20000000001488
12/21/18 09:48,19.20000000001488
12/21/18 09:48,13.33702049492996
12/21/18 09:48,13.33702049492996
12/21/18 09:48,13.416197712920976
12/21/18 09:48,13.416197712920976
12/21/18 09:48,13.416197712920976
12/21/18 09:48,13.416197712920976
12/21/18 09:48,13.416197712920976
12/21/18 09:48,13.416197712920976
12/21/18 09:48,13.416197712920976
12/21/18 09:48,13.416197712920976
12/21/18 09:48,13.416197712920976
12/21/18 09:48,13.416197712920976
12/21/18 09:48,13.416197712920976
12/21/18 09:48,13.416197712920976
12/21/18 09:48,13.416197712920976
12/21/18 09:48,15.964548835369428
12/21/18 09:48,15.964548835369428
12/21/18 09:48,16.339677784279587
12/21/18 09:48,16.339677784279587
12/21/18 09:48,16.339677784279587
12/21/18 09:49,16.339677784279587
12/21/18 09:49,16.339677784279587
12/21/18 09:49,16.339677784279587
12/21/18 09:49,16.339677784279587
12/21/18 09:49,16.339677784279587
12/21/18 09:49,16.339677784279587
12/21/18 09:49,16.339677784279587
12/21/18 09:49,16.339677784279587
12/21/18 09:49,16.339677784279587
12/21/18 09:49,16.339677784279587
12/21/18 09:49,12.387639500240326
12/21/18 09:49,12.387639500240326
12/21/18 09:49,12.733333333332368
12/21/18 09:49,12.733333333332368
12/21/18 09:49,12.733333333332368
12/21/18 09:49,12.733333333332368
12/21/18 09:49,12.733333333332368
12/21/18 09:49,12.733333333332368
12/21/18 09:49,12.733333333332368
12/21/18 09:49,12.733333333332368
12/21/18 09:49,12.733333333332368
12/21/18 09:49,12.733333333332368
12/21/18 09:49,12.733333333332368
12/21/18 09:49,12.733333333332368
12/21/18 09:49,16.244444444447367
12/21/18 09:49,16.244444444447367
12/21/18 09:49,16.244444444447367
12/21/18 09:49,15.612475010005056
12/21/18 09:49,15.612475010005056
12/21/18 09:49,15.612475010005056
12/21/18 09:49,15.612475010005056
12/21/18 09:49,15.612475010005056
12/21/18 09:49,15.612475010005056
12/21/18 09:49,15.612475010005056
12/21/18 09:49,15.612475010005056
12/21/18 09:49,15.612475010005056
12/21/18 09:49,15.612475010005056
12/21/18 09:49,15.612475010005056
12/21/18 09:49,15.612475010005056
12/21/18 09:49,17.11514985226546
12/21/18 09:49,17.11514985226546
12/21/18 09:49,16.890109816250657
12/21/18 09:49,16.890109816250657
12/21/18 09:49,16.890109816250657
12/21/18 09:49,16.890109816250657
12/21/18 09:49,16.890109816250657
12/21/18 09:49,16.890109816250657
12/21/18 09:49,16.890109816250657
12/21/18 09:49,16.890109816250657
12/21/18 09:49,16.890109816250657
12/21/18 09:49,16.890109816250657
12/21/18 09:49,16.890109816250657
12/21/18 09:49,16.890109816250657
12/21/18 09:49,16.890109816250657
12/21/18 09:49,8.282464759705704
12/21/18 09:49,8.282464759705704
12/21/18 09:49,10.29502978571935
12/21/18 09:49,10.29502978571935
12/21/18 09:49,10.29502978571935
12/21/18 09:49,10.29502978571935
12/21/18 09:50,10.29502978571935
12/21/18 09:50,10.29502978571935
12/21/18 09:50,10.29502978571935
12/21/18 09:50,10.29502978571935
12/21/18 09:50,10.29502978571935
12/21/18 09:50,10.29502978571935
12/21/18 09:50,10.29502978571935
12/21/18 09:50,10.29502978571935
12/21/18 09:50,10.29502978571935
12/21/18 09:50,15.266666666664392
12/21/18 09:50,15.266666666664392
12/21/18 09:50,13.252821469828334
12/21/18 09:50,13.252821469828334
12/21/18 09:50,13.252821469828334
12/21/18 09:50,13.252821469828334
12/21/18 09:50,13.252821469828334
12/21/18 09:50,13.252821469828334
12/21/18 09:50,13.252821469828334
12/21/18 09:50,13.252821469828334
12/21/18 09:50,13.252821469828334
12/21/18 09:50,13.252821469828334
12/21/18 09:50,13.252821469828334
12/21/18 09:50,13.252821469828334
12/21/18 09:50,13.252821469828334
12/21/18 09:50,14.104530130898013
12/21/18 09:50,14.104530130898013
12/21/18 09:50,14.894111487916078
12/21/18 09:50,14.894111487916078
12/21/18 09:50,14.894111487916078
12/21/18 09:50,14.894111487916078
12/21/18 09:50,14.894111487916078
12/21/18 09:50,14.894111487916078
12/21/18 09:50,14.894111487916078
12/21/18 09:50,14.894111487916078
12/21/18 09:50,14.894111487916078
12/21/18 09:50,14.894111487916078
12/21/18 09:50,14.894111487916078
12/21/18 09:50,14.894111487916078
12/21/18 09:50,14.894111487916078
12/21/18 09:50,19.635770831478283
12/21/18 09:50,19.635770831478283
12/21/18 09:50,18.053593383042212
12/21/18 09:50,18.053593383042212
12/21/18 09:50,18.053593383042212
12/21/18 09:50,18.053593383042212
12/21/18 09:50,18.053593383042212
12/21/18 09:50,18.053593383042212
12/21/18 09:50,18.053593383042212
12/21/18 09:50,18.053593383042212
12/21/18 09:50,18.053593383042212
12/21/18 09:50,18.053593383042212
12/21/18 09:50,18.053593383042212
12/21/18 09:50,18.053593383042212
12/21/18 09:50,18.053593383042212
12/21/18 09:50,13.83800315619392
12/21/18 09:50,13.83800315619392
12/21/18 09:50,15.779795421050864
12/21/18 09:50,15.779795421050864
12/21/18 09:50,15.779795421050864
12/21/18 09:51,15.779795421050864
12/21/18 09:51,15.779795421050864
12/21/18 09:51,15.779795421050864
12/21/18 09:51,15.779795421050864
12/21/18 09:51,15.779795421050864
12/21/18 09:51,15.779795421050864
12/21/18 09:51,15.779795421050864
12/21/18 09:51,15.779795421050864
12/21/18 09:51,15.779795421050864
12/21/18 09:51,15.54980045674374
12/21/18 09:51,15.54980045674374
12/21/18 09:51,15.54980045674374
12/21/18 09:51,14.61236934146207
12/21/18 09:51,14.61236934146207
12/21/18 09:51,14.61236934146207
12/21/18 09:51,14.61236934146207
12/21/18 09:51,14.61236934146207
12/21/18 09:51,14.61236934146207
12/21/18 09:51,14.61236934146207
12/21/18 09:51,14.61236934146207
12/21/18 09:51,14.61236934146207
12/21/18 09:51,14.61236934146207
12/21/18 09:51,14.61236934146207
12/21/18 09:51,14.61236934146207
12/21/18 09:51,8.515177796765784
12/21/18 09:51,8.515177796765784
12/21/18 09:51,10.208114100582677
12/21/18 09:51,10.208114100582677
12/21/18 09:51,10.208114100582677
12/21/18 09:51,10.208114100582677
12/21/18 09:51,10.208114100582677
12/21/18 09:51,10.208114100582677
12/21/18 09:51,10.208114100582677
12/21/18 09:51,10.208114100582677
12/21/18 09:51,10.208114100582677
12/21/18 09:51,10.208114100582677
12/21/18 09:51,10.208114100582677
12/21/18 09:51,10.208114100582677
12/21/18 09:51,10.208114100582677
12/21/18 09:51,20.713078387366124
12/21/18 09:51,20.713078387366124
12/21/18 09:51,17.886733189626526
12/21/18 09:51,17.886733189626526
12/21/18 09:51,17.886733189626526
12/21/18 09:51,17.886733189626526
12/21/18 09:51,17.886733189626526
12/21/18 09:51,17.886733189626526
12/21/18 09:51,17.886733189626526
12/21/18 09:51,17.886733189626526
12/21/18 09:51,17.886733189626526
12/21/18 09:51,17.886733189626526
12/21/18 09:51,17.886733189626526
12/21/18 09:51,17.886733189626526
12/21/18 09:51,17.886733189626526
12/21/18 09:51,18.59784430072891
12/21/18 09:51,18.59784430072891
12/21/18 09:51,18.48888888888824
12/21/18 09:51,18.48888888888824
12/21/18 09:51,18.48888888888824
12/21/18 09:51,18.48888888888824
12/21/18 09:52,18.48888888888824
12/21/18 09:52,18.48888888888824
12/21/18 09:52,18.48888888888824
12/21/18 09:52,18.48888888888824
12/21/18 09:52,18.48888888888824
12/21/18 09:52,18.48888888888824
12/21/18 09:52,18.48888888888824
12/21/18 09:52,18.48888888888824
12/21/18 09:52,18.48888888888824
12/21/18 09:52,17.42222222222256
12/21/18 09:52,17.42222222222256
12/21/18 09:52,18.54377429744865
12/21/18 09:52,18.54377429744865
12/21/18 09:52,18.54377429744865
12/21/18 09:52,18.54377429744865
12/21/18 09:52,18.54377429744865
12/21/18 09:52,18.54377429744865
12/21/18 09:52,18.54377429744865
12/21/18 09:52,18.54377429744865
12/21/18 09:52,18.54377429744865
12/21/18 09:52,18.54377429744865
12/21/18 09:52,18.54377429744865
12/21/18 09:52,18.54377429744865
12/21/18 09:52,18.54377429744865
12/21/18 09:52,13.699329853011648
12/21/18 09:52,13.699329853011648
12/21/18 09:52,13.67844096180984
12/21/18 09:52,13.67844096180984
12/21/18 09:52,13.67844096180984
12/21/18 09:52,13.67844096180984
12/21/18 09:52,13.67844096180984
12/21/18 09:52,13.67844096180984
12/21/18 09:52,13.67844096180984
12/21/18 09:52,13.67844096180984
12/21/18 09:52,13.67844096180984
12/21/18 09:52,13.67844096180984
12/21/18 09:52,13.67844096180984
12/21/18 09:52,13.67844096180984
12/21/18 09:52,13.67844096180984
12/21/18 09:52,9.433996517365713
12/21/18 09:52,9.433996517365713
12/21/18 09:52,10.444444444446063
12/21/18 09:52,10.444444444446063
12/21/18 09:52,10.444444444446063
12/21/18 09:52,10.444444444446063
12/21/18 09:52,10.444444444446063
12/21/18 09:52,10.444444444446063
12/21/18 09:52,10.444444444446063
12/21/18 09:52,10.444444444446063
12/21/18 09:52,10.444444444446063
12/21/18 09:52,10.444444444446063
12/21/18 09:52,10.444444444446063
12/21/18 09:52,10.444444444446063
12/21/18 09:52,20.89864249371054
12/21/18 09:52,20.89864249371054
12/21/18 09:52,20.89864249371054
12/21/18 09:52,20.098642493717335
12/21/18 09:52,20.098642493717335
12/21/18 09:52,20.098642493717335
12/21/18 09:53,20.098642493717335
12/21/18 09:53,20.098642493717335
12/21/18 09:53,20.098642493717335
12/21/18 09:53,20.098642493717335
12/21/18 09:53,20.098642493717335
12/21/18 09:53,20.098642493717335
12/21/18 09:53,20.098642493717335
12/21/18 09:53,20.098642493717335
12/21/18 09:53,20.098642493717335
12/21/18 09:53,14.900317841352205
12/21/18 09:53,14.900317841352205
12/21/18 09:53,14.655873396906443
12/21/18 09:53,14.655873396906443
12/21/18 09:53,14.655873396906443
12/21/18 09:53,14.655873396906443
12/21/18 09:53,14.655873396906443
12/21/18 09:53,14.655873396906443
12/21/18 09:53,14.655873396906443
12/21/18 09:53,14.655873396906443
12/21/18 09:53,14.655873396906443
12/21/18 09:53,14.655873396906443
12/21/18 09:53,14.655873396906443
12/21/18 09:53,14.655873396906443
12/21/18 09:53,14.655873396906443
12/21/18 09:53,18.24444444445058
12/21/18 09:53,18.24444444445058
12/21/18 09:53,18.384684006084086
12/21/18 09:53,18.384684006084086
12/21/18 09:53,18.384684006084086
12/21/18 09:53,18.384684006084086
12/21/18 09:53,18.384684006084086
12/21/18 09:53,18.384684006084086
12/21/18 09:53,18.384684006084086
12/21/18 09:53,18.384684006084086
12/21/18 09:53,18.384684006084086
12/21/18 09:53,18.384684006084086
12/21/18 09:53,18.384684006084086
12/21/18 09:53,18.384684006084086
12/21/18 09:53,18.384684006084086
12/21/18 09:53,19.24893386169157
12/21/18 09:53,19.24893386169157
12/21/18 09:53,18.508043589179707
12/21/18 09:53,18.508043589179707
12/21/18 09:53,18.508043589179707
12/21/18 09:53,18.508043589179707
12/21/18 09:53,18.508043589179707
12/21/18 09:53,18.508043589179707
12/21/18 09:53,18.508043589179707
12/21/18 09:53,18.508043589179707
12/21/18 09:53,18.508043589179707
12/21/18 09:53,18.508043589179707
12/21/18 09:53,18.508043589179707
12/21/18 09:53,18.508043589179707
12/21/18 09:53,18.508043589179707
12/21/18 09:53,13.462378676269836
12/21/18 09:53,13.462378676269836
12/21/18 09:53,14.076887897562244
12/21/18 09:53,14.076887897562244
12/21/18 09:53,14.076887897562244
12/21/18 09:53,14.076887897562244
12/21/18 09:54,14.076887897562244
12/21/18 09:54,14.076887897562244
12/21/18 09:54,14.076887897562244
12/21/18 09:54,14.076887897562244
12/21/18 09:54,14.076887897562244
12/21/18 09:54,14.076887897562244
12/21/18 09:54,14.076887897562244
12/21/18 09:54,14.076887897562244
12/21/18 09:54,14.076887897562244
12/21/18 09:54,13.995645031845484
12/21/18 09:54,13.995645031845484
12/21/18 09:54,14.89516526661346
12/21/18 09:54,14.89516526661346
12/21/18 09:54,14.89516526661346
12/21/18 09:54,14.89516526661346
12/21/18 09:54,14.89516526661346
12/21/18 09:54,14.89516526661346
12/21/18 09:54,14.89516526661346
12/21/18 09:54,14.89516526661346
12/21/18 09:54,14.89516526661346
12/21/18 09:54,14.89516526661346
12/21/18 09:54,14.89516526661346
12/21/18 09:54,14.89516526661346
12/21/18 09:54,14.89516526661346
12/21/18 09:54,15.62448985629085
12/21/18 09:54,15.62448985629085
12/21/18 09:54,14.818719072945981
12/21/18 09:54,14.818719072945981
12/21/18 09:54,14.818719072945981
12/21/18 09:54,14.818719072945981
12/21/18 09:54,14.818719072945981
12/21/18 09:54,14.818719072945981
12/21/18 09:54,14.818719072945981
12/21/18 09:54,14.818719072945981
12/21/18 09:54,14.818719072945981
12/21/18 09:54,14.818719072945981
12/21/18 09:54,14.818719072945981
12/21/18 09:54,14.818719072945981
12/21/18 09:54,14.196496850734434
12/21/18 09:54,14.196496850734434
12/21/18 09:54,14.196496850734434
12/21/18 09:54,14.91111111111725
12/21/18 09:54,14.91111111111725
12/21/18 09:54,14.91111111111725
12/21/18 09:54,14.91111111111725
12/21/18 09:54,14.91111111111725
12/21/18 09:54,14.91111111111725
12/21/18 09:54,14.91111111111725
12/21/18 09:54,14.91111111111725
12/21/18 09:54,14.91111111111725
12/21/18 09:54,14.91111111111725
12/21/18 09:54,14.91111111111725
12/21/18 09:54,14.91111111111725
12/21/18 09:54,14.755555555554253
12/21/18 09:54,14.755555555554253
12/21/18 09:54,14.044444444443783
12/21/18 09:54,14.044444444443783
12/21/18 09:54,14.044444444443783
12/21/18 09:54,14.044444444443783
12/21/18 09:55,14.044444444443783
12/21/18 09:55,14.044444444443783
12/21/18 09:55,14.044444444443783
12/21/18 09:55,14.044444444443783
12/21/18 09:55,14.044444444443783
12/21/18 09:55,14.044444444443783
12/21/18 09:55,14.044444444443783
12/21/18 09:55,14.044444444443783
12/21/18 09:55,14.044444444443783
12/21/18 09:55,12.822222222223203
12/21/18 09:55,12.822222222223203
12/21/18 09:55,13.775764305275047
12/21/18 09:55,13.775764305275047
12/21/18 09:55,13.775764305275047
12/21/18 09:55,13.775764305275047
12/21/18 09:55,13.775764305275047
12/21/18 09:55,13.775764305275047
12/21/18 09:55,13.775764305275047
12/21/18 09:55,13.775764305275047
12/21/18 09:55,13.775764305275047
12/21/18 09:55,13.775764305275047
12/21/18 09:55,13.775764305275047
12/21/18 09:55,13.775764305275047
12/21/18 09:55,13.775764305275047
12/21/18 09:55,12.70909763860935
12/21/18 09:55,12.70909763860935
12/21/18 09:55,12.624179082356378
12/21/18 09:55,12.624179082356378
12/21/18 09:55,12.624179082356378
12/21/18 09:55,12.624179082356378
12/21/18 09:55,12.624179082356378
12/21/18 09:55,12.624179082356378
12/21/18 09:55,12.624179082356378
12/21/18 09:55,12.624179082356378
12/21/18 09:55,12.624179082356378
12/21/18 09:55,12.624179082356378
12/21/18 09:55,12.624179082356378
12/21/18 09:55,12.624179082356378
12/21/18 09:55,12.624179082356378
12/21/18 09:55,18.513067971248503
12/21/18 09:55,18.513067971248503
12/21/18 09:55,17.400000000003885
12/21/18 09:55,17.400000000003885
12/21/18 09:55,17.400000000003885
12/21/18 09:55,17.400000000003885
12/21/18 09:55,17.400000000003885
12/21/18 09:55,17.400000000003885
12/21/18 09:55,17.400000000003885
12/21/18 09:55,17.400000000003885
12/21/18 09:55,17.400000000003885
12/21/18 09:55,17.400000000003885
12/21/18 09:55,17.400000000003885
12/21/18 09:55,17.400000000003885
12/21/18 09:55,17.400000000003885
12/21/18 09:55,17.466666666659876
12/21/18 09:55,17.466666666659876
12/21/18 09:55,17.99793467711531
12/21/18 09:55,17.99793467711531
12/21/18 09:55,17.99793467711531
12/21/18 09:55,17.99793467711531
12/21/18 09:56,17.99793467711531
12/21/18 09:56,17.99793467711531
12/21/18 09:56,17.99793467711531
12/21/18 09:56,17.99793467711531
12/21/18 09:56,17.99793467711531
12/21/18 09:56,17.99793467711531
12/21/18 09:56,17.99793467711531
12/21/18 09:56,17.99793467711531
12/21/18 09:56,17.99793467711531
12/21/18 09:56,14.523154900674172
12/21/18 09:56,14.523154900674172
12/21/18 09:56,15.26460123623778
12/21/18 09:56,15.26460123623778
12/21/18 09:56,15.26460123623778
12/21/18 09:56,15.26460123623778
12/21/18 09:56,15.26460123623778
12/21/18 09:56,15.26460123623778
12/21/18 09:56,15.26460123623778
12/21/18 09:56,15.26460123623778
12/21/18 09:56,15.26460123623778
12/21/18 09:56,15.26460123623778
12/21/18 09:56,15.26460123623778
12/21/18 09:56,15.26460123623778
12/21/18 09:56,16.173107758040928
12/21/18 09:56,16.173107758040928
12/21/18 09:56,16.173107758040928
12/21/18 09:56,15.051767669337707
12/21/18 09:56,15.051767669337707
12/21/18 09:56,15.051767669337707
12/21/18 09:56,15.051767669337707
12/21/18 09:56,15.051767669337707
12/21/18 09:56,15.051767669337707
12/21/18 09:56,15.051767669337707
12/21/18 09:56,15.051767669337707
12/21/18 09:56,15.051767669337707
12/21/18 09:56,15.051767669337707
12/21/18 09:56,15.051767669337707
12/21/18 09:56,15.051767669337707
12/21/18 09:56,7.6627577612660644
12/21/18 09:56,7.6627577612660644
12/21/18 09:56,8.666939059506774
12/21/18 09:56,8.666939059506774
12/21/18 09:56,8.666939059506774
12/21/18 09:56,8.666939059506774
12/21/18 09:56,8.666939059506774
12/21/18 09:56,8.666939059506774
12/21/18 09:56,8.666939059506774
12/21/18 09:56,8.666939059506774
12/21/18 09:56,8.666939059506774
12/21/18 09:56,8.666939059506774
12/21/18 09:56,8.666939059506774
12/21/18 09:56,8.666939059506774
12/21/18 09:56,8.666939059506774
12/21/18 09:56,24.256645752678082
12/21/18 09:56,24.256645752678082
12/21/18 09:56,22.589979086011425
12/21/18 09:56,22.589979086011425
12/21/18 09:56,22.589979086011425
12/21/18 09:56,22.589979086011425
12/21/18 09:57,22.589979086011425
12/21/18 09:57,22.589979086011425
12/21/18 09:57,22.589979086011425
12/21/18 09:57,22.589979086011425
12/21/18 09:57,22.589979086011425
12/21/18 09:57,22.589979086011425
12/21/18 09:57,22.589979086011425
12/21/18 09:57,22.589979086011425
12/21/18 09:57,22.589979086011425
12/21/18 09:57,19.66666666666343
12/21/18 09:57,19.66666666666343
12/21/18 09:57,19.355555555545536
12/21/18 09:57,19.355555555545536
12/21/18 09:57,19.355555555545536
12/21/18 09:57,19.355555555545536
12/21/18 09:57,19.355555555545536
12/21/18 09:57,19.355555555545536
12/21/18 09:57,19.355555555545536
12/21/18 09:57,19.355555555545536
12/21/18 09:57,19.355555555545536
12/21/18 09:57,19.355555555545536
12/21/18 09:57,19.355555555545536
12/21/18 09:57,19.355555555545536
12/21/18 09:57,19.355555555545536
12/21/18 09:57,13.533333333325572
12/21/18 09:57,13.533333333325572
12/21/18 09:57,15.468693198229289
12/21/18 09:57,15.468693198229289
12/21/18 09:57,15.468693198229289
12/21/18 09:57,15.468693198229289
12/21/18 09:57,15.468693198229289
12/21/18 09:57,15.468693198229289
12/21/18 09:57,15.468693198229289
12/21/18 09:57,15.468693198229289
12/21/18 09:57,15.468693198229289
12/21/18 09:57,15.468693198229289
12/21/18 09:57,15.468693198229289
12/21/18 09:57,15.468693198229289
12/21/18 09:57,15.468693198229289
12/21/18 09:57,14.50560779878316
12/21/18 09:57,14.50560779878316
12/21/18 09:57,13.53834958211776
12/21/18 09:57,13.53834958211776
12/21/18 09:57,13.53834958211776
12/21/18 09:57,13.53834958211776
12/21/18 09:57,13.53834958211776
12/21/18 09:57,13.53834958211776
12/21/18 09:57,13.53834958211776
12/21/18 09:57,13.53834958211776
12/21/18 09:57,13.53834958211776
12/21/18 09:57,13.53834958211776
12/21/18 09:57,13.53834958211776
12/21/18 09:57,13.53834958211776
12/21/18 09:57,13.53834958211776
12/21/18 09:57,13.579112779341571
12/21/18 09:57,13.579112779341571
12/21/18 09:57,14.507918576809502
12/21/18 09:57,14.507918576809502
12/21/18 09:57,14.507918576809502
12/21/18 09:58,14.507918576809502
12/21/18 09:58,14.507918576809502
12/21/18 09:58,14.507918576809502
12/21/18 09:58,14.507918576809502
12/21/18 09:58,14.507918576809502
12/21/18 09:58,14.507918576809502
12/21/18 09:58,14.507918576809502
12/21/18 09:58,14.507918576809502
12/21/18 09:58,14.507918576809502
12/21/18 09:58,18.873251962023176
12/21/18 09:58,18.873251962023176
12/21/18 09:58,18.873251962023176
12/21/18 09:58,17.169121220525497
12/21/18 09:58,17.169121220525497
12/21/18 09:58,17.169121220525497
12/21/18 09:58,17.169121220525497
12/21/18 09:58,17.169121220525497
12/21/18 09:58,17.169121220525497
12/21/18 09:58,17.169121220525497
12/21/18 09:58,17.169121220525497
12/21/18 09:58,17.169121220525497
12/21/18 09:58,17.169121220525497
12/21/18 09:58,17.169121220525497
12/21/18 09:58,17.169121220525497
12/21/18 09:58,14.74833225976252
12/21/18 09:58,14.74833225976252
12/21/18 09:58,15.407530921842763
12/21/18 09:58,15.407530921842763
12/21/18 09:58,15.407530921842763
12/21/18 09:58,15.407530921842763
12/21/18 09:58,15.407530921842763
12/21/18 09:58,15.407530921842763
12/21/18 09:58,15.407530921842763
12/21/18 09:58,15.407530921842763
12/21/18 09:58,15.407530921842763
12/21/18 09:58,15.407530921842763
12/21/18 09:58,15.407530921842763
12/21/18 09:58,15.407530921842763
12/21/18 09:58,15.407530921842763
12/21/18 09:58,13.890922291114308
12/21/18 09:58,13.890922291114308
12/21/18 09:58,13.927835813717593
12/21/18 09:58,13.927835813717593
12/21/18 09:58,13.927835813717593
12/21/18 09:58,13.927835813717593
12/21/18 09:58,13.927835813717593
12/21/18 09:58,13.927835813717593
12/21/18 09:58,13.927835813717593
12/21/18 09:58,13.927835813717593
12/21/18 09:58,13.927835813717593
12/21/18 09:58,13.927835813717593
12/21/18 09:58,13.927835813717593
12/21/18 09:58,13.927835813717593
12/21/18 09:58,13.927835813717593
12/21/18 09:58,19.931457238693866
12/21/18 09:58,19.931457238693866
12/21/18 09:58,20.455389374876134
12/21/18 09:58,20.455389374876134
12/21/18 09:58,20.455389374876134
12/21/18 09:58,20.455389374876134
12/21/18 09:59,20.455389374876134
