timestamp,disk
datetime,float
,
12/22/18 04:00,-1545451133.565
12/22/18 04:00,-1545451133.571
12/22/18 04:00,-1545451133.576
12/22/18 04:00,-1545451133.584
12/22/18 04:00,-1545451133.592
12/22/18 04:00,-1545451133.597
12/22/18 04:00,-1545451133.602
12/22/18 04:00,-1545451133.607
12/22/18 04:00,-1545451133.612
12/22/18 04:00,-1545451133.62
12/22/18 04:00,-1545451133.625
12/22/18 04:00,-1545451133.632
12/22/18 04:00,-1545451133.637
12/22/18 04:00,-1545451133.643
12/22/18 04:00,-1545451133.649
12/22/18 04:00,-1545451133.655
12/22/18 04:00,-1545451133.659
12/22/18 04:00,-1545451133.664
12/22/18 04:00,-1545451133.668
12/22/18 04:00,-1545451133.673
12/22/18 04:00,-1545451133.678
12/22/18 04:00,-1545451133.685
12/22/18 04:00,-1545451133.691
12/22/18 04:00,-1545451133.697
12/22/18 04:00,-1545451133.704
12/22/18 04:00,-1545451133.709
12/22/18 04:00,-1545451133.715
12/22/18 04:00,-1545451133.719
12/22/18 04:00,-1545451133.723
12/22/18 04:00,-1545451133.727
12/22/18 04:00,-1545451133.734
12/22/18 04:00,-1545451133.739
12/22/18 04:00,-1545451133.744
12/22/18 04:00,-1545451133.75
12/22/18 04:00,-1545451133.756
12/22/18 04:00,-1545451133.761
12/22/18 04:00,-1545451133.766
12/22/18 04:00,-1545451133.77
12/22/18 04:00,-1545451133.775
12/22/18 04:00,-1545451133.786
12/22/18 04:00,-1545451133.793
12/22/18 04:00,-1545451133.798
12/22/18 04:00,-1545451133.804
12/22/18 04:00,-1545451133.808
12/22/18 04:00,-1545451133.815
12/22/18 04:00,-1545451133.821
12/22/18 04:00,-1545451133.825
12/22/18 04:00,-1545451133.832
12/22/18 04:00,-1545451133.839
12/22/18 04:00,-1545451133.845
12/22/18 04:00,-1545451133.85
12/22/18 04:00,-1545451133.856
12/22/18 04:00,-1545451133.862
12/22/18 04:00,-1545451133.867
12/22/18 04:00,-1545451133.878
12/22/18 04:00,-1545451133.884
12/22/18 04:00,-1545451133.89
12/22/18 04:00,-1545451133.895
12/22/18 04:00,-1545451133.902
12/22/18 04:00,-1545451133.908
12/22/18 04:00,-1545451133.917
12/22/18 04:00,-1545451133.96
12/22/18 04:00,-1545451133.97
12/22/18 04:00,-1545451133.975
12/22/18 04:00,-1545451133.98
12/22/18 04:00,-1545451133.987
12/22/18 04:00,-1545451133.992
12/22/18 04:00,-1545451133.998
12/22/18 04:00,-1545451134.002
12/22/18 04:00,-1545451134.007
12/22/18 04:00,-1545451134.012
12/22/18 04:00,-1545451134.02
12/22/18 04:00,-1545451134.025
12/22/18 04:00,-1545451134.032
12/22/18 04:00,-1545451134.036
12/22/18 04:00,-1545451134.041
12/22/18 04:00,-1545451134.046
12/22/18 04:00,-1545451134.052
12/22/18 04:00,-1545451134.058
12/22/18 04:00,-1545451134.063
12/22/18 04:00,-1545451134.068
12/22/18 04:00,-1545451134.075
12/22/18 04:00,-1545451134.084
12/22/18 04:00,-1545451134.09
12/22/18 04:00,-1545451134.096
12/22/18 04:00,-1545451134.104
12/22/18 04:00,-1545451134.11
12/22/18 04:00,-1545451134.115
12/22/18 04:00,-1545451134.12
12/22/18 04:00,-1545451134.124
12/22/18 04:00,-1545451134.129
12/22/18 04:00,-1545451134.136
12/22/18 04:00,-1545451134.141
12/22/18 04:00,-1545451134.148
12/22/18 04:00,-1545451134.152
12/22/18 04:00,-1545451134.164
12/22/18 04:00,-1545451134.182
12/22/18 04:00,-1545451134.189
12/22/18 04:00,-1545451134.196
12/22/18 04:00,-1545451134.202
12/22/18 04:00,-1545451134.207
12/22/18 04:00,-1545451134.211
12/22/18 04:00,-1545451134.218
12/22/18 04:00,-1545451134.223
12/22/18 04:00,-1545451134.228
12/22/18 04:00,-1545451134.235
12/22/18 04:00,-1545451134.239
12/22/18 04:00,-1545451134.245
12/22/18 04:00,-1545451134.25
12/22/18 04:00,-1545451134.255
12/22/18 04:00,-1545451134.261
12/22/18 04:00,-1545451134.267
12/22/18 04:00,-1545451134.272
12/22/18 04:00,-1545451134.278
12/22/18 04:00,-1545451134.285
12/22/18 04:00,-1545451134.29
12/22/18 04:00,-1545451134.296
12/22/18 04:00,-1545451134.301
12/22/18 04:00,-1545451134.307
12/22/18 04:00,-1545451134.314
12/22/18 04:00,-1545451134.319
12/22/18 04:00,-1545451134.323
12/22/18 04:00,-1545451134.328
12/22/18 04:00,-1545451134.335
12/22/18 04:00,-1545451134.341
12/22/18 04:00,-1545451134.346
12/22/18 04:00,-1545451134.352
12/22/18 04:00,-1545451134.356
12/22/18 04:00,-1545451134.361
12/22/18 04:00,-1545451134.366
12/22/18 04:00,-1545451134.372
12/22/18 04:00,-1545451134.392
12/22/18 04:00,-1545451134.432
12/22/18 04:00,-1545451134.438
12/22/18 04:00,-1545451134.444
12/22/18 04:00,-1545451134.45
12/22/18 04:00,-1545451134.456
12/22/18 04:00,-1545451134.461
12/22/18 04:00,-1545451134.469
12/22/18 04:00,-1545451134.474
12/22/18 04:00,-1545451134.479
12/22/18 04:00,-1545451134.489
12/22/18 04:00,-1545451134.494
12/22/18 04:00,-1545451134.5
12/22/18 04:00,-1545451134.506
12/22/18 04:00,-1545451134.512
12/22/18 04:00,-1545451134.517
12/22/18 04:00,-1545451134.522
12/22/18 04:00,-1545451134.527
12/22/18 04:00,-1545451134.535
12/22/18 04:00,-1545451134.539
12/22/18 04:00,-1545451134.544
12/22/18 04:00,-1545451134.55
12/22/18 04:00,-1545451134.553
12/22/18 04:00,-1545451134.556
12/22/18 04:00,-1545451134.566
12/22/18 04:00,-1545451134.572
12/22/18 04:00,-1545451134.585
12/22/18 04:00,-1545451134.592
12/22/18 04:00,-1545451134.601
12/22/18 04:00,-1545451134.608
12/22/18 04:00,-1545451134.613
12/22/18 04:00,-1545451134.619
12/22/18 04:00,-1545451134.623
12/22/18 04:00,-1545451134.629
12/22/18 04:00,-1545451134.638
12/22/18 04:00,-1545451134.642
12/22/18 04:00,-1545451134.647
12/22/18 04:00,-1545451134.653
12/22/18 04:00,-1545451134.658
12/22/18 04:00,-1545451134.663
12/22/18 04:00,-1545451134.669
12/22/18 04:00,-1545451134.679
12/22/18 04:00,-1545451134.687
12/22/18 04:00,-1545451134.692
12/22/18 04:00,-1545451134.701
12/22/18 04:00,-1545451134.707
12/22/18 04:00,-1545451134.715
12/22/18 04:00,-1545451134.72
12/22/18 04:00,-1545451134.723
12/22/18 04:00,-1545451134.728
12/22/18 04:00,-1545451134.736
12/22/18 04:00,-1545451134.741
12/22/18 04:00,-1545451134.747
12/22/18 04:00,-1545451134.753
12/22/18 04:00,-1545451134.757
12/22/18 04:00,-1545451134.76
12/22/18 04:00,-1545451134.766
12/22/18 04:00,-1545451134.771
12/22/18 04:00,-1545451134.776
12/22/18 04:00,-1545451134.785
12/22/18 04:00,-1545451134.79
12/22/18 04:00,-1545451134.795
12/22/18 04:00,-1545451134.802
12/22/18 04:00,-1545451134.808
12/22/18 04:00,-1545451134.815
12/22/18 04:00,-1545451134.822
12/22/18 04:00,-1545451134.827
12/22/18 04:00,-1545451134.834
12/22/18 04:00,-1545451134.838
12/22/18 04:00,-1545451134.842
12/22/18 04:00,-1545451134.847
12/22/18 04:00,-1545451134.868
12/22/18 04:00,-1545451134.907
12/22/18 04:00,-1545451134.912
12/22/18 04:00,-1545451134.917
12/22/18 04:00,-1545451134.922
12/22/18 04:00,-1545451134.929
12/22/18 04:00,-1545451134.942
12/22/18 04:00,-1545451134.948
12/22/18 04:00,-1545451134.953
12/22/18 04:00,-1545451134.957
12/22/18 04:00,-1545451134.962
12/22/18 04:00,-1545451134.969
12/22/18 04:00,-1545451134.974
12/22/18 04:00,-1545451134.979
12/22/18 04:00,-1545451134.984
12/22/18 04:00,-1545451134.989
12/22/18 04:00,-1545451134.993
12/22/18 04:00,-1545451134.997
12/22/18 04:00,-1545451135.003
12/22/18 04:00,-1545451135.007
12/22/18 04:00,-1545451135.013
12/22/18 04:00,-1545451135.018
12/22/18 04:00,-1545451135.024
12/22/18 04:00,-1545451135.028
12/22/18 04:00,-1545451135.035
12/22/18 04:00,-1545451135.041
12/22/18 04:00,-1545451135.049
12/22/18 04:00,-1545451135.055
12/22/18 04:00,-1545451135.06
12/22/18 04:00,-1545451135.067
12/22/18 04:00,-1545451135.073
12/22/18 04:00,-1545451135.083
12/22/18 04:00,-1545451135.088
12/22/18 04:00,-1545451135.092
12/22/18 04:00,-1545451135.1
12/22/18 04:00,-1545451135.106
12/22/18 04:00,-1545451135.111
12/22/18 04:00,-1545451135.117
12/22/18 04:00,-1545451135.121
12/22/18 04:00,-1545451135.125
12/22/18 04:00,-1545451135.129
12/22/18 04:00,-1545451135.136
12/22/18 04:00,-1545451135.141
12/22/18 04:00,-1545451135.148
12/22/18 04:00,-1545451135.152
12/22/18 04:00,-1545451135.157
12/22/18 04:00,-1545451135.163
12/22/18 04:00,-1545451135.17
12/22/18 04:00,-1545451135.175
12/22/18 04:00,-1545451135.182
12/22/18 04:00,-1545451135.188
12/22/18 04:00,-1545451135.192
12/22/18 04:00,-1545451135.199
12/22/18 04:00,-1545451135.206
12/22/18 04:00,-1545451135.211
12/22/18 04:00,-1545451135.219
12/22/18 04:00,-1545451135.225
12/22/18 04:00,-1545451135.233
12/22/18 04:00,-1545451135.238
12/22/18 04:00,-1545451135.244
12/22/18 04:00,-1545451135.255
12/22/18 04:00,-1545451135.259
12/22/18 04:00,-1545451135.265
12/22/18 04:00,-1545451135.271
12/22/18 04:00,-1545451135.275
12/22/18 04:00,-1545451135.283
12/22/18 04:00,-1545451135.289
12/22/18 04:00,-1545451135.294
12/22/18 04:00,-1545451135.299
12/22/18 04:00,-1545451135.344
12/22/18 04:00,-1545451135.35
12/22/18 04:00,-1545451135.355
12/22/18 04:00,-1545451135.362
12/22/18 04:00,-1545451135.366
12/22/18 04:00,-1545451135.371
12/22/18 04:00,-1545451135.376
12/22/18 04:00,-1545451135.384
12/22/18 04:00,-1545451135.389
12/22/18 04:00,-1545451135.394
12/22/18 04:00,-1545451135.401
12/22/18 04:00,-1545451135.407
12/22/18 04:00,-1545451135.414
12/22/18 04:00,-1545451135.419
12/22/18 04:00,-1545451135.424
12/22/18 04:00,-1545451135.432
12/22/18 04:00,-1545451135.437
12/22/18 04:00,-1545451135.442
12/22/18 04:00,-1545451135.449
12/22/18 04:00,-1545451135.455
12/22/18 04:00,-1545451135.461
12/22/18 04:00,-1545451135.468
12/22/18 04:00,-1545451135.473
12/22/18 04:00,-1545451135.478
12/22/18 04:00,-1545451135.486
12/22/18 04:00,-1545451135.492
12/22/18 04:00,-1545451135.497
12/22/18 04:00,-1545451135.506
12/22/18 04:00,-1545451135.511
12/22/18 04:00,-1545451135.516
12/22/18 04:00,-1545451135.521
12/22/18 04:00,-1545451135.527
12/22/18 04:00,-1545451135.537
12/22/18 04:00,-1545451135.543
12/22/18 04:00,-1545451135.548
12/22/18 04:00,-1545451135.554
12/22/18 04:00,-1545451135.559
12/22/18 04:00,-1545451135.567
12/22/18 04:00,-1545451135.572
12/22/18 04:00,-1545451135.577
12/22/18 04:00,-1545451135.583
12/22/18 04:00,-1545451135.588
12/22/18 04:00,-1545451135.592
12/22/18 04:00,-1545451135.6
12/22/18 04:00,-1545451135.607
12/22/18 04:00,-1545451135.613
12/22/18 04:00,-1545451135.618
12/22/18 04:00,-1545451135.625
12/22/18 04:00,-1545451135.633
12/22/18 04:00,-1545451135.64
12/22/18 04:00,-1545451135.644
12/22/18 04:00,-1545451135.651
12/22/18 04:00,-1545451135.656
12/22/18 04:00,-1545451135.66
12/22/18 04:00,-1545451135.667
12/22/18 04:00,-1545451135.672
12/22/18 04:00,-1545451135.677
12/22/18 04:00,-1545451135.685
12/22/18 04:00,-1545451135.691
12/22/18 04:00,-1545451135.695
12/22/18 04:00,-1545451135.703
12/22/18 04:00,-1545451135.708
12/22/18 04:00,-1545451135.712
12/22/18 04:00,-1545451135.721
12/22/18 04:00,-1545451135.726
12/22/18 04:00,-1545451135.732
12/22/18 04:00,-1545451135.738
12/22/18 04:00,-1545451135.742
12/22/18 04:00,-1545451135.748
12/22/18 04:00,-1545451135.822
12/22/18 04:00,-1545451135.828
12/22/18 04:00,-1545451135.836
12/22/18 04:00,-1545451135.841
12/22/18 04:00,-1545451135.847
12/22/18 04:00,-1545451135.854
12/22/18 04:00,-1545451135.86
12/22/18 04:00,-1545451135.868
12/22/18 04:00,-1545451135.873
12/22/18 04:00,-1545451135.886
12/22/18 04:00,-1545451135.892
12/22/18 04:00,-1545451135.901
12/22/18 04:00,-1545451135.917
12/22/18 04:00,-1545451135.923
12/22/18 04:00,-1545451135.936
12/22/18 04:00,-1545451135.94
12/22/18 04:00,-1545451135.944
12/22/18 04:00,-1545451135.963
12/22/18 04:00,-1545451135.971
12/22/18 04:00,-1545451135.976
12/22/18 04:00,-1545451135.982
12/22/18 04:00,-1545451135.987
12/22/18 04:00,-1545451135.992
12/22/18 04:00,-1545451136.006
12/22/18 04:00,-1545451136.012
12/22/18 04:00,-1545451136.018
12/22/18 04:00,-1545451136.023
12/22/18 04:00,-1545451136.027
12/22/18 04:00,-1545451136.034
12/22/18 04:00,-1545451136.039
12/22/18 04:00,-1545451136.045
12/22/18 04:00,-1545451136.054
12/22/18 04:00,-1545451136.06
12/22/18 04:00,-1545451136.071
12/22/18 04:00,-1545451136.076
12/22/18 04:00,-1545451136.086
12/22/18 04:00,-1545451136.094
12/22/18 04:00,-1545451136.103
12/22/18 04:00,-1545451136.108
12/22/18 04:00,-1545451136.112
12/22/18 04:00,-1545451136.12
12/22/18 04:00,-1545451136.125
12/22/18 04:00,-1545451136.132
12/22/18 04:00,-1545451136.14
12/22/18 04:00,-1545451136.145
12/22/18 04:00,-1545451136.153
12/22/18 04:00,-1545451136.158
12/22/18 04:00,-1545451136.166
12/22/18 04:00,-1545451136.175
12/22/18 04:00,-1545451136.182
12/22/18 04:00,-1545451136.187
12/22/18 04:00,-1545451136.192
12/22/18 04:00,-1545451136.199
12/22/18 04:00,-1545451136.205
12/22/18 04:00,-1545451136.21
12/22/18 04:00,-1545451136.215
12/22/18 04:00,-1545451136.224
12/22/18 04:00,-1545451136.229
12/22/18 04:00,-1545451136.235
12/22/18 04:00,-1545451136.241
12/22/18 04:00,-1545451136.246
12/22/18 04:00,-1545451136.254
12/22/18 04:00,-1545451136.26
12/22/18 04:00,-1545451136.266
12/22/18 04:00,-1545451136.272
12/22/18 04:00,-1545451136.277
12/22/18 04:00,-1545451136.287
12/22/18 04:00,-1545451136.293
12/22/18 04:00,-1545451136.298
12/22/18 04:00,-1545451136.311
12/22/18 04:00,-1545451136.345
12/22/18 04:00,-1545451136.351
12/22/18 04:00,-1545451136.355
12/22/18 04:00,-1545451136.36
12/22/18 04:00,-1545451136.368
12/22/18 04:00,-1545451136.373
12/22/18 04:00,-1545451136.387
12/22/18 04:00,-1545451136.392
12/22/18 04:00,-1545451136.398
12/22/18 04:00,-1545451136.404
12/22/18 04:00,-1545451136.409
12/22/18 04:00,-1545451136.415
12/22/18 04:00,-1545451136.42
12/22/18 04:00,-1545451136.426
12/22/18 04:00,-1545451136.433
12/22/18 04:00,-1545451136.439
12/22/18 04:00,-1545451136.445
12/22/18 04:00,-1545451136.451
12/22/18 04:00,-1545451136.456
12/22/18 04:00,-1545451136.461
12/22/18 04:00,-1545451136.467
12/22/18 04:00,-1545451136.473
12/22/18 04:00,-1545451136.479
12/22/18 04:00,-1545451136.487
12/22/18 04:00,-1545451136.493
12/22/18 04:00,-1545451136.499
12/22/18 04:00,-1545451136.504
12/22/18 04:00,-1545451136.51
12/22/18 04:00,-1545451136.515
12/22/18 04:00,-1545451136.52
12/22/18 04:00,-1545451136.526
12/22/18 04:00,-1545451136.534
12/22/18 04:00,-1545451136.539
12/22/18 04:00,-1545451136.545
12/22/18 04:00,-1545451136.55
12/22/18 04:00,-1545451136.554
12/22/18 04:00,-1545451136.56
12/22/18 04:00,-1545451136.569
12/22/18 04:00,-1545451136.577
12/22/18 04:00,-1545451136.588
12/22/18 04:00,-1545451136.592
12/22/18 04:00,-1545451136.596
12/22/18 04:00,-1545451136.606
12/22/18 04:00,-1545451136.611
12/22/18 04:00,-1545451136.616
12/22/18 04:00,-1545451136.622
12/22/18 04:00,-1545451136.627
12/22/18 04:00,-1545451136.635
12/22/18 04:00,-1545451136.64
12/22/18 04:00,-1545451136.645
12/22/18 04:00,-1545451136.653
12/22/18 04:00,-1545451136.658
12/22/18 04:00,-1545451136.662
12/22/18 04:00,-1545451136.667
12/22/18 04:00,-1545451136.678
12/22/18 04:00,-1545451136.685
12/22/18 04:00,-1545451136.689
12/22/18 04:00,-1545451136.693
12/22/18 04:00,-1545451136.697
12/22/18 04:00,-1545451136.702
12/22/18 04:00,-1545451136.707
12/22/18 04:00,-1545451136.713
12/22/18 04:00,-1545451136.716
12/22/18 04:00,-1545451136.722
12/22/18 04:00,-1545451136.727
12/22/18 04:00,-1545451136.734
12/22/18 04:00,-1545451136.739
12/22/18 04:00,-1545451136.744
12/22/18 04:00,-1545451136.749
12/22/18 04:00,-1545451136.755
12/22/18 04:00,-1545451136.771
12/22/18 04:00,-1545451136.812
12/22/18 04:00,-1545451136.818
12/22/18 04:00,-1545451136.822
12/22/18 04:00,-1545451136.827
12/22/18 04:00,-1545451136.834
12/22/18 04:00,-1545451136.84
12/22/18 04:00,-1545451136.846
12/22/18 04:00,-1545451136.852
12/22/18 04:00,-1545451136.857
12/22/18 04:00,-1545451136.862
12/22/18 04:00,-1545451136.87
12/22/18 04:00,-1545451136.875
12/22/18 04:00,-1545451136.882
12/22/18 04:00,-1545451136.892
12/22/18 04:00,-1545451136.897
12/22/18 04:00,-1545451136.902
12/22/18 04:00,-1545451136.907
12/22/18 04:00,-1545451136.912
12/22/18 04:00,-1545451136.916
12/22/18 04:00,-1545451136.923
12/22/18 04:00,-1545451136.929
12/22/18 04:00,-1545451136.942
12/22/18 04:00,-1545451136.95
12/22/18 04:00,-1545451136.956
12/22/18 04:00,-1545451136.961
12/22/18 04:00,-1545451136.973
12/22/18 04:00,-1545451136.99
12/22/18 04:00,-1545451137.0
12/22/18 04:00,-1545451137.007
12/22/18 04:00,-1545451137.014
12/22/18 04:00,-1545451137.024
12/22/18 04:00,-1545451137.03
12/22/18 04:00,-1545451137.038
12/22/18 04:00,-1545451137.042
12/22/18 04:00,-1545451137.05
12/22/18 04:00,-1545451137.06
12/22/18 04:00,-1545451137.066
12/22/18 04:00,-1545451137.071
12/22/18 04:00,-1545451137.077
12/22/18 04:00,-1545451137.084
12/22/18 04:00,-1545451137.09
12/22/18 04:00,-1545451137.096
12/22/18 04:00,-1545451137.103
12/22/18 04:00,-1545451137.106
12/22/18 04:00,-1545451137.112
12/22/18 04:00,-1545451137.119
12/22/18 04:00,-1545451137.126
12/22/18 04:00,-1545451137.134
12/22/18 04:00,-1545451137.139
12/22/18 04:00,-1545451137.145
12/22/18 04:00,-1545451137.15
12/22/18 04:00,-1545451137.156
12/22/18 04:00,-1545451137.162
12/22/18 04:00,-1545451137.168
12/22/18 04:00,-1545451137.174
12/22/18 04:00,-1545451137.179
12/22/18 04:00,-1545451137.189
12/22/18 04:00,-1545451137.194
12/22/18 04:00,-1545451137.201
12/22/18 04:00,-1545451137.206
12/22/18 04:00,-1545451137.21
12/22/18 04:00,-1545451137.215
12/22/18 04:00,-1545451137.219
12/22/18 04:00,-1545451137.228
12/22/18 04:00,-1545451137.235
12/22/18 04:00,-1545451137.24
12/22/18 04:00,-1545451137.246
12/22/18 04:00,-1545451137.252
12/22/18 04:00,-1545451137.257
12/22/18 04:00,-1545451137.271
12/22/18 04:00,-1545451137.311
12/22/18 04:00,-1545451137.316
12/22/18 04:00,-1545451137.321
12/22/18 04:00,-1545451137.326
12/22/18 04:00,-1545451137.334
12/22/18 04:00,-1545451137.339
12/22/18 04:00,-1545451137.345
12/22/18 04:00,-1545451137.352
12/22/18 04:00,-1545451137.358
12/22/18 04:00,-1545451137.363
12/22/18 04:00,-1545451137.367
12/22/18 04:00,-1545451137.37
12/22/18 04:00,-1545451137.376
12/22/18 04:00,-1545451137.384
12/22/18 04:00,-1545451137.392
12/22/18 04:00,-1545451137.396
12/22/18 04:00,-1545451137.4
12/22/18 04:00,-1545451137.405
12/22/18 04:00,-1545451137.41
12/22/18 04:00,-1545451137.416
12/22/18 04:00,-1545451137.421
12/22/18 04:00,-1545451137.427
12/22/18 04:00,-1545451137.434
12/22/18 04:00,-1545451137.438
12/22/18 04:00,-1545451137.443
12/22/18 04:00,-1545451137.451
12/22/18 04:00,-1545451137.456
12/22/18 04:00,-1545451137.461
12/22/18 04:00,-1545451137.466
12/22/18 04:00,-1545451137.471
12/22/18 04:00,-1545451137.475
12/22/18 04:00,-1545451137.479
12/22/18 04:00,-1545451137.484
12/22/18 04:00,-1545451137.489
12/22/18 04:00,-1545451137.495
12/22/18 04:00,-1545451137.502
12/22/18 04:00,-1545451137.507
12/22/18 04:00,-1545451137.516
12/22/18 04:00,-1545451137.52
12/22/18 04:00,-1545451137.525
12/22/18 04:00,-1545451137.534
12/22/18 04:00,-1545451137.539
12/22/18 04:00,-1545451137.544
12/22/18 04:00,-1545451137.55
12/22/18 04:00,-1545451137.556
12/22/18 04:00,-1545451137.56
12/22/18 04:00,-1545451137.565
12/22/18 04:00,-1545451137.569
12/22/18 04:00,-1545451137.574
12/22/18 04:00,-1545451137.583
12/22/18 04:00,-1545451137.59
12/22/18 04:00,-1545451137.595
12/22/18 04:00,-1545451137.6
12/22/18 04:00,-1545451137.604
12/22/18 04:00,-1545451137.61
12/22/18 04:00,-1545451137.617
12/22/18 04:00,-1545451137.623
12/22/18 04:00,-1545451137.63
12/22/18 04:00,-1545451137.637
12/22/18 04:00,-1545451137.642
12/22/18 04:00,-1545451137.647
12/22/18 04:00,-1545451137.653
12/22/18 04:00,-1545451137.659
12/22/18 04:00,-1545451137.664
12/22/18 04:00,-1545451137.669
12/22/18 04:00,-1545451137.675
12/22/18 04:00,-1545451137.679
12/22/18 04:00,-1545451137.686
12/22/18 04:00,-1545451137.691
12/22/18 04:00,-1545451137.696
12/22/18 04:00,-1545451137.708
12/22/18 04:00,-1545451137.74
12/22/18 04:00,-1545451137.746
12/22/18 04:00,-1545451137.751
12/22/18 04:00,-1545451137.756
12/22/18 04:00,-1545451137.764
12/22/18 04:00,-1545451137.776
12/22/18 04:00,-1545451137.786
12/22/18 04:00,-1545451137.797
12/22/18 04:00,-1545451137.804
12/22/18 04:00,-1545451137.809
12/22/18 04:00,-1545451137.814
12/22/18 04:00,-1545451137.819
12/22/18 04:00,-1545451137.824
12/22/18 04:00,-1545451137.832
12/22/18 04:00,-1545451137.838
12/22/18 04:00,-1545451137.843
12/22/18 04:00,-1545451137.848
12/22/18 04:00,-1545451137.854
12/22/18 04:00,-1545451137.859
12/22/18 04:00,-1545451137.864
12/22/18 04:00,-1545451137.869
12/22/18 04:00,-1545451137.874
12/22/18 04:00,-1545451137.879
12/22/18 04:00,-1545451137.892
12/22/18 04:00,-1545451137.898
12/22/18 04:00,-1545451137.903
12/22/18 04:00,-1545451137.907
12/22/18 04:00,-1545451137.913
12/22/18 04:00,-1545451137.918
12/22/18 04:00,-1545451137.923
12/22/18 04:00,-1545451137.928
12/22/18 04:00,-1545451137.937
12/22/18 04:00,-1545451137.941
12/22/18 04:00,-1545451137.946
12/22/18 04:00,-1545451137.954
12/22/18 04:00,-1545451137.959
12/22/18 04:00,-1545451137.964
12/22/18 04:00,-1545451137.969
12/22/18 04:00,-1545451137.975
12/22/18 04:00,-1545451137.982
12/22/18 04:00,-1545451137.987
12/22/18 04:00,-1545451137.991
12/22/18 04:00,-1545451137.996
12/22/18 04:00,-1545451138.002
12/22/18 04:00,-1545451138.008
12/22/18 04:00,-1545451138.016
12/22/18 04:00,-1545451138.022
12/22/18 04:00,-1545451138.026
12/22/18 04:00,-1545451138.033
12/22/18 04:00,-1545451138.038
12/22/18 04:00,-1545451138.043
12/22/18 04:00,-1545451138.048
12/22/18 04:00,-1545451138.053
12/22/18 04:00,-1545451138.06
12/22/18 04:00,-1545451138.066
12/22/18 04:00,-1545451138.069
12/22/18 04:00,-1545451138.074
12/22/18 04:00,-1545451138.078
12/22/18 04:00,-1545451138.085
12/22/18 04:00,-1545451138.089
12/22/18 04:00,-1545451138.094
12/22/18 04:00,-1545451138.1
12/22/18 04:00,-1545451138.104
12/22/18 04:00,-1545451138.108
12/22/18 04:00,-1545451138.112
12/22/18 04:00,-1545451138.117
12/22/18 04:00,-1545451138.121
12/22/18 04:00,-1545451138.126
12/22/18 04:00,-1545451138.132
12/22/18 04:00,-1545451138.138
12/22/18 04:00,-1545451138.149
12/22/18 04:00,-1545451138.189
12/22/18 04:00,-1545451138.197
12/22/18 04:00,-1545451138.204
12/22/18 04:00,-1545451138.211
12/22/18 04:00,-1545451138.215
12/22/18 04:00,-1545451138.222
12/22/18 04:00,-1545451138.227
12/22/18 04:00,-1545451138.234
12/22/18 04:00,-1545451138.238
12/22/18 04:00,-1545451138.244
12/22/18 04:00,-1545451138.249
12/22/18 04:00,-1545451138.254
12/22/18 04:00,-1545451138.259
12/22/18 04:00,-1545451138.264
12/22/18 04:00,-1545451138.268
12/22/18 04:00,-1545451138.272
12/22/18 04:00,-1545451138.277
12/22/18 04:00,-1545451138.285
12/22/18 04:00,-1545451138.29
12/22/18 04:00,-1545451138.296
12/22/18 04:00,-1545451138.302
12/22/18 04:00,-1545451138.308
12/22/18 04:00,-1545451138.312
12/22/18 04:00,-1545451138.317
12/22/18 04:00,-1545451138.322
12/22/18 04:00,-1545451138.33
12/22/18 04:00,-1545451138.34
12/22/18 04:00,-1545451138.346
12/22/18 04:00,-1545451138.35
12/22/18 04:00,-1545451138.355
12/22/18 04:00,-1545451138.359
12/22/18 04:00,-1545451138.364
12/22/18 04:00,-1545451138.372
12/22/18 04:00,-1545451138.377
12/22/18 04:00,-1545451138.384
12/22/18 04:00,-1545451138.389
12/22/18 04:00,-1545451138.394
12/22/18 04:00,-1545451138.398
12/22/18 04:00,-1545451138.403
12/22/18 04:00,-1545451138.408
12/22/18 04:00,-1545451138.414
12/22/18 04:00,-1545451138.42
12/22/18 04:00,-1545451138.426
12/22/18 04:00,-1545451138.434
12/22/18 04:00,-1545451138.439
12/22/18 04:00,-1545451138.443
12/22/18 04:00,-1545451138.451
12/22/18 04:00,-1545451138.458
12/22/18 04:00,-1545451138.463
12/22/18 04:00,-1545451138.469
12/22/18 04:00,-1545451138.473
12/22/18 04:00,-1545451138.477
12/22/18 04:00,-1545451138.483
12/22/18 04:00,-1545451138.487
12/22/18 04:00,-1545451138.493
12/22/18 04:00,-1545451138.499
12/22/18 04:00,-1545451138.508
12/22/18 04:00,-1545451138.513
12/22/18 04:00,-1545451138.518
12/22/18 04:00,-1545451138.522
12/22/18 04:00,-1545451138.528
12/22/18 04:00,-1545451138.536
12/22/18 04:00,-1545451138.542
12/22/18 04:00,-1545451138.548
12/22/18 04:00,-1545451138.553
12/22/18 04:00,-1545451138.558
12/22/18 04:00,-1545451138.563
12/22/18 04:00,-1545451138.57
12/22/18 04:00,-1545451138.576
12/22/18 04:00,-1545451138.584
12/22/18 04:00,-1545451138.591
12/22/18 04:00,-1545451138.626
12/22/18 04:00,-1545451138.636
12/22/18 04:00,-1545451138.64
12/22/18 04:00,-1545451138.644
12/22/18 04:00,-1545451138.65
12/22/18 04:00,-1545451138.655
12/22/18 04:00,-1545451138.66
12/22/18 04:00,-1545451138.666
12/22/18 04:00,-1545451138.672
12/22/18 04:00,-1545451138.677
12/22/18 04:00,-1545451138.686
12/22/18 04:00,-1545451138.691
12/22/18 04:00,-1545451138.698
12/22/18 04:00,-1545451138.703
12/22/18 04:00,-1545451138.709
12/22/18 04:00,-1545451138.716
12/22/18 04:00,-1545451138.722
12/22/18 04:00,-1545451138.729
12/22/18 04:00,-1545451138.739
12/22/18 04:00,-1545451138.744
12/22/18 04:00,-1545451138.75
12/22/18 04:00,-1545451138.756
12/22/18 04:00,-1545451138.762
12/22/18 04:00,-1545451138.768
12/22/18 04:00,-1545451138.773
12/22/18 04:00,-1545451138.779
12/22/18 04:00,-1545451138.788
12/22/18 04:00,-1545451138.793
12/22/18 04:00,-1545451138.799
12/22/18 04:00,-1545451138.805
12/22/18 04:00,-1545451138.81
12/22/18 04:00,-1545451138.815
12/22/18 04:00,-1545451138.822
12/22/18 04:00,-1545451138.827
12/22/18 04:00,-1545451138.84
12/22/18 04:00,-1545451138.846
12/22/18 04:00,-1545451138.852
12/22/18 04:00,-1545451138.857
12/22/18 04:00,-1545451138.861
12/22/18 04:00,-1545451138.866
12/22/18 04:00,-1545451138.871
12/22/18 04:00,-1545451138.876
12/22/18 04:00,-1545451138.886
12/22/18 04:00,-1545451138.892
12/22/18 04:00,-1545451138.902
12/22/18 04:00,-1545451138.908
12/22/18 04:00,-1545451138.914
12/22/18 04:00,-1545451138.921
12/22/18 04:00,-1545451138.926
12/22/18 04:00,-1545451138.935
12/22/18 04:00,-1545451138.94
12/22/18 04:00,-1545451138.946
12/22/18 04:00,-1545451138.951
12/22/18 04:00,-1545451138.956
12/22/18 04:00,-1545451138.962
12/22/18 04:00,-1545451138.968
12/22/18 04:00,-1545451138.997
12/22/18 04:00,-1545451139.002
12/22/18 04:00,-1545451139.009
12/22/18 04:00,-1545451139.015
12/22/18 04:00,-1545451139.022
12/22/18 04:00,-1545451139.028
12/22/18 04:00,-1545451139.04
12/22/18 04:00,-1545451139.045
12/22/18 04:00,-1545451139.049
12/22/18 04:00,-1545451139.056
12/22/18 04:00,-1545451139.06
12/22/18 04:00,-1545451139.066
12/22/18 04:00,-1545451139.071
12/22/18 04:00,-1545451139.077
12/22/18 04:00,-1545451139.093
12/22/18 04:00,-1545451139.129
12/22/18 04:00,-1545451139.139
12/22/18 04:00,-1545451139.144
12/22/18 04:00,-1545451139.15
12/22/18 04:00,-1545451139.156
12/22/18 04:00,-1545451139.162
12/22/18 04:00,-1545451139.168
12/22/18 04:00,-1545451139.172
12/22/18 04:00,-1545451139.176
12/22/18 04:00,-1545451139.185
12/22/18 04:00,-1545451139.19
12/22/18 04:00,-1545451139.194
12/22/18 04:00,-1545451139.199
12/22/18 04:00,-1545451139.205
12/22/18 04:00,-1545451139.211
12/22/18 04:00,-1545451139.217
12/22/18 04:00,-1545451139.222
12/22/18 04:00,-1545451139.227
12/22/18 04:00,-1545451139.238
12/22/18 04:00,-1545451139.243
12/22/18 04:00,-1545451139.248
12/22/18 04:00,-1545451139.254
12/22/18 04:00,-1545451139.258
12/22/18 04:00,-1545451139.263
12/22/18 04:00,-1545451139.267
12/22/18 04:00,-1545451139.271
12/22/18 04:00,-1545451139.275
12/22/18 04:00,-1545451139.28
12/22/18 04:00,-1545451139.29
12/22/18 04:00,-1545451139.295
12/22/18 04:00,-1545451139.3
12/22/18 04:00,-1545451139.304
12/22/18 04:00,-1545451139.31
12/22/18 04:00,-1545451139.316
12/22/18 04:00,-1545451139.322
12/22/18 04:00,-1545451139.327
12/22/18 04:00,-1545451139.335
12/22/18 04:00,-1545451139.34
12/22/18 04:00,-1545451139.345
12/22/18 04:00,-1545451139.352
12/22/18 04:00,-1545451139.358
12/22/18 04:00,-1545451139.363
12/22/18 04:00,-1545451139.368
12/22/18 04:00,-1545451139.38
12/22/18 04:00,-1545451139.397
12/22/18 04:00,-1545451139.407
12/22/18 04:00,-1545451139.414
12/22/18 04:00,-1545451139.42
12/22/18 04:00,-1545451139.425
12/22/18 04:00,-1545451139.434
12/22/18 04:00,-1545451139.44
12/22/18 04:00,-1545451139.448
12/22/18 04:00,-1545451139.458
12/22/18 04:00,-1545451139.464
12/22/18 04:00,-1545451139.468
12/22/18 04:00,-1545451139.474
12/22/18 04:00,-1545451139.48
12/22/18 04:00,-1545451139.49
12/22/18 04:00,-1545451139.496
12/22/18 04:00,-1545451139.502
12/22/18 04:00,-1545451139.507
12/22/18 04:00,-1545451139.512
12/22/18 04:00,-1545451139.52
12/22/18 04:00,-1545451139.524
12/22/18 04:00,-1545451139.529
12/22/18 04:00,-1545451139.54
12/22/18 04:00,-1545451139.545
12/22/18 04:00,-1545451139.55
12/22/18 04:00,-1545451139.554
12/22/18 04:00,-1545451139.577
12/22/18 04:00,-1545451139.612
12/22/18 04:00,-1545451139.618
12/22/18 04:00,-1545451139.622
12/22/18 04:00,-1545451139.626
12/22/18 04:00,-1545451139.63
12/22/18 04:00,-1545451139.638
12/22/18 04:00,-1545451139.642
12/22/18 04:00,-1545451139.648
12/22/18 04:00,-1545451139.654
12/22/18 04:00,-1545451139.658
12/22/18 04:00,-1545451139.662
12/22/18 04:00,-1545451139.669
12/22/18 04:00,-1545451139.674
12/22/18 04:00,-1545451139.679
12/22/18 04:00,-1545451139.688
12/22/18 04:00,-1545451139.692
12/22/18 04:00,-1545451139.697
12/22/18 04:00,-1545451139.704
12/22/18 04:00,-1545451139.708
12/22/18 04:00,-1545451139.714
12/22/18 04:00,-1545451139.72
12/22/18 04:00,-1545451139.726
12/22/18 04:00,-1545451139.734
12/22/18 04:00,-1545451139.74
12/22/18 04:00,-1545451139.746
12/22/18 04:00,-1545451139.754
12/22/18 04:00,-1545451139.76
12/22/18 04:00,-1545451139.766
12/22/18 04:00,-1545451139.773
12/22/18 04:00,-1545451139.776
12/22/18 04:00,-1545451139.785
12/22/18 04:00,-1545451139.791
12/22/18 04:00,-1545451139.795
12/22/18 04:00,-1545451139.8
12/22/18 04:00,-1545451139.805
12/22/18 04:00,-1545451139.809
12/22/18 04:00,-1545451139.813
12/22/18 04:00,-1545451139.818
12/22/18 04:00,-1545451139.822
12/22/18 04:00,-1545451139.827
12/22/18 04:00,-1545451139.834
12/22/18 04:00,-1545451139.84
12/22/18 04:00,-1545451139.845
12/22/18 04:00,-1545451139.852
12/22/18 04:00,-1545451139.857
12/22/18 04:00,-1545451139.862
12/22/18 04:00,-1545451139.868
12/22/18 04:00,-1545451139.873
12/22/18 04:00,-1545451139.879
12/22/18 04:00,-1545451139.89
12/22/18 04:00,-1545451139.895
12/22/18 04:00,-1545451139.899
12/22/18 04:00,-1545451139.904
12/22/18 04:00,-1545451139.908
12/22/18 04:00,-1545451139.912
12/22/18 04:00,-1545451139.918
12/22/18 04:00,-1545451139.923
12/22/18 04:00,-1545451139.929
12/22/18 04:00,-1545451139.938
12/22/18 04:00,-1545451139.942
12/22/18 04:00,-1545451139.951
12/22/18 04:00,-1545451139.956
12/22/18 04:00,-1545451139.963
12/22/18 04:00,-1545451139.968
12/22/18 04:00,-1545451139.974
12/22/18 04:00,-1545451139.977
12/22/18 04:00,-1545451139.986
12/22/18 04:00,-1545451139.99
12/22/18 04:00,-1545451139.996
12/22/18 04:00,-1545451140.005
12/22/18 04:00,-1545451140.015
12/22/18 04:00,-1545451140.067
12/22/18 04:00,-1545451140.073
12/22/18 04:00,-1545451140.079
12/22/18 04:00,-1545451140.088
12/22/18 04:00,-1545451140.092
12/22/18 04:00,-1545451140.097
12/22/18 04:00,-1545451140.102
12/22/18 04:00,-1545451140.108
12/22/18 04:00,-1545451140.113
12/22/18 04:00,-1545451140.119
12/22/18 04:00,-1545451140.123
12/22/18 04:00,-1545451140.128
12/22/18 04:00,-1545451140.139
12/22/18 04:00,-1545451140.144
12/22/18 04:00,-1545451140.149
12/22/18 04:00,-1545451140.154
12/22/18 04:00,-1545451140.16
12/22/18 04:00,-1545451140.165
12/22/18 04:00,-1545451140.171
12/22/18 04:00,-1545451140.189
12/22/18 04:00,-1545451140.198
12/22/18 04:00,-1545451140.205
12/22/18 04:00,-1545451140.211
12/22/18 04:00,-1545451140.217
12/22/18 04:00,-1545451140.224
12/22/18 04:00,-1545451140.228
12/22/18 04:00,-1545451140.239
12/22/18 04:00,-1545451140.245
12/22/18 04:00,-1545451140.251
12/22/18 04:00,-1545451140.256
12/22/18 04:00,-1545451140.261
12/22/18 04:00,-1545451140.265
12/22/18 04:00,-1545451140.269
12/22/18 04:00,-1545451140.275
12/22/18 04:00,-1545451140.286
12/22/18 04:00,-1545451140.292
12/22/18 04:00,-1545451140.297
12/22/18 04:00,-1545451140.305
12/22/18 04:00,-1545451140.31
12/22/18 04:00,-1545451140.315
12/22/18 04:00,-1545451140.32
12/22/18 04:00,-1545451140.325
12/22/18 04:00,-1545451140.33
12/22/18 04:00,-1545451140.339
12/22/18 04:00,-1545451140.345
12/22/18 04:00,-1545451140.351
12/22/18 04:00,-1545451140.356
12/22/18 04:00,-1545451140.361
12/22/18 04:00,-1545451140.368
12/22/18 04:00,-1545451140.373
12/22/18 04:00,-1545451140.378
12/22/18 04:00,-1545451140.388
12/22/18 04:00,-1545451140.394
12/22/18 04:00,-1545451140.399
12/22/18 04:00,-1545451140.404
12/22/18 04:00,-1545451140.408
12/22/18 04:00,-1545451140.412
12/22/18 04:00,-1545451140.418
12/22/18 04:00,-1545451140.424
12/22/18 04:00,-1545451140.429
12/22/18 04:00,-1545451140.439
12/22/18 04:00,-1545451140.445
12/22/18 04:00,-1545451140.452
12/22/18 04:00,-1545451140.458
12/22/18 04:00,-1545451140.463
12/22/18 04:00,-1545451140.472
12/22/18 04:00,-1545451140.477
12/22/18 04:00,-1545451140.487
12/22/18 04:00,-1545451140.493
12/22/18 04:00,-1545451140.499
12/22/18 04:00,-1545451140.52
12/22/18 04:00,-1545451140.553
12/22/18 04:00,-1545451140.559
12/22/18 04:00,-1545451140.564
12/22/18 04:00,-1545451140.569
12/22/18 04:00,-1545451140.587
12/22/18 04:00,-1545451140.6
12/22/18 04:00,-1545451140.605
12/22/18 04:00,-1545451140.611
12/22/18 04:00,-1545451140.62
12/22/18 04:00,-1545451140.624
12/22/18 04:00,-1545451140.628
12/22/18 04:00,-1545451140.639
12/22/18 04:00,-1545451140.644
12/22/18 04:00,-1545451140.649
12/22/18 04:00,-1545451140.655
12/22/18 04:00,-1545451140.66
12/22/18 04:00,-1545451140.664
12/22/18 04:00,-1545451140.669
12/22/18 04:00,-1545451140.673
12/22/18 04:00,-1545451140.678
12/22/18 04:00,-1545451140.687
12/22/18 04:00,-1545451140.692
12/22/18 04:00,-1545451140.696
12/22/18 04:00,-1545451140.702
12/22/18 04:00,-1545451140.707
12/22/18 04:00,-1545451140.712
12/22/18 04:00,-1545451140.719
12/22/18 04:00,-1545451140.724
12/22/18 04:00,-1545451140.728
12/22/18 04:00,-1545451140.739
12/22/18 04:00,-1545451140.743
12/22/18 04:00,-1545451140.749
12/22/18 04:00,-1545451140.753
12/22/18 04:00,-1545451140.759
12/22/18 04:00,-1545451140.763
12/22/18 04:00,-1545451140.772
12/22/18 04:00,-1545451140.775
12/22/18 04:00,-1545451140.78
12/22/18 04:00,-1545451140.789
12/22/18 04:00,-1545451140.793
12/22/18 04:00,-1545451140.797
12/22/18 04:00,-1545451140.802
12/22/18 04:00,-1545451140.807
12/22/18 04:00,-1545451140.812
12/22/18 04:00,-1545451140.818
12/22/18 04:00,-1545451140.823
12/22/18 04:00,-1545451140.829
12/22/18 04:00,-1545451140.837
12/22/18 04:00,-1545451140.842
12/22/18 04:00,-1545451140.848
12/22/18 04:00,-1545451140.853
12/22/18 04:00,-1545451140.858
12/22/18 04:00,-1545451140.863
12/22/18 04:00,-1545451140.868
12/22/18 04:00,-1545451140.874
12/22/18 04:00,-1545451140.88
12/22/18 04:00,-1545451140.89
12/22/18 04:00,-1545451140.895
12/22/18 04:00,-1545451140.901
12/22/18 04:00,-1545451140.907
12/22/18 04:00,-1545451140.912
12/22/18 04:00,-1545451140.917
12/22/18 04:00,-1545451140.921
12/22/18 04:00,-1545451140.926
12/22/18 04:00,-1545451140.93
12/22/18 04:00,-1545451140.939
12/22/18 04:00,-1545451140.944
12/22/18 04:00,-1545451140.949
12/22/18 04:00,-1545451140.955
12/22/18 04:00,-1545451140.96
12/22/18 04:00,-1545451140.973
12/22/18 04:00,-1545451141.006
12/22/18 04:00,-1545451141.014
12/22/18 04:00,-1545451141.019
12/22/18 04:00,-1545451141.025
12/22/18 04:00,-1545451141.03
12/22/18 04:00,-1545451141.04
12/22/18 04:00,-1545451141.046
12/22/18 04:00,-1545451141.05
12/22/18 04:00,-1545451141.055
12/22/18 04:00,-1545451141.061
12/22/18 04:00,-1545451141.068
12/22/18 04:00,-1545451141.079
12/22/18 04:00,-1545451141.087
12/22/18 04:00,-1545451141.092
12/22/18 04:00,-1545451141.1
12/22/18 04:00,-1545451141.106
12/22/18 04:00,-1545451141.112
12/22/18 04:00,-1545451141.118
12/22/18 04:00,-1545451141.136
12/22/18 04:00,-1545451141.141
12/22/18 04:00,-1545451141.148
12/22/18 04:00,-1545451141.154
12/22/18 04:00,-1545451141.165
12/22/18 04:00,-1545451141.173
12/22/18 04:00,-1545451141.18
12/22/18 04:00,-1545451141.19
12/22/18 04:00,-1545451141.195
12/22/18 04:00,-1545451141.2
12/22/18 04:00,-1545451141.207
12/22/18 04:00,-1545451141.214
12/22/18 04:00,-1545451141.219
12/22/18 04:00,-1545451141.224
12/22/18 04:00,-1545451141.229
12/22/18 04:00,-1545451141.247
12/22/18 04:00,-1545451141.256
12/22/18 04:00,-1545451141.265
12/22/18 04:00,-1545451141.285
12/22/18 04:00,-1545451141.29
12/22/18 04:00,-1545451141.295
12/22/18 04:00,-1545451141.309
12/22/18 04:00,-1545451141.323
12/22/18 04:00,-1545451141.328
12/22/18 04:00,-1545451141.337
12/22/18 04:00,-1545451141.342
12/22/18 04:00,-1545451141.348
12/22/18 04:00,-1545451141.354
12/22/18 04:00,-1545451141.358
12/22/18 04:00,-1545451141.362
12/22/18 04:00,-1545451141.367
12/22/18 04:00,-1545451141.377
12/22/18 04:00,-1545451141.387
12/22/18 04:00,-1545451141.393
12/22/18 04:00,-1545451141.399
12/22/18 04:00,-1545451141.418
12/22/18 04:00,-1545451141.426
12/22/18 04:00,-1545451141.438
12/22/18 04:00,-1545451141.498
12/22/18 04:00,-1545451141.505
12/22/18 04:00,-1545451141.512
12/22/18 04:00,-1545451141.518
12/22/18 04:00,-1545451141.526
12/22/18 04:00,-1545451141.535
12/22/18 04:00,-1545451141.54
12/22/18 04:00,-1545451141.555
12/22/18 04:00,-1545451141.561
12/22/18 04:00,-1545451141.567
12/22/18 04:00,-1545451141.573
12/22/18 04:00,-1545451141.578
12/22/18 04:00,-1545451141.588
12/22/18 04:00,-1545451141.601
12/22/18 04:00,-1545451141.638
12/22/18 04:00,-1545451141.645
12/22/18 04:00,-1545451141.65
12/22/18 04:00,-1545451141.654
12/22/18 04:00,-1545451141.658
12/22/18 04:00,-1545451141.665
12/22/18 04:00,-1545451141.671
12/22/18 04:00,-1545451141.676
12/22/18 04:00,-1545451141.686
12/22/18 04:00,-1545451141.694
12/22/18 04:00,-1545451141.702
12/22/18 04:00,-1545451141.708
12/22/18 04:00,-1545451141.715
12/22/18 04:00,-1545451141.72
12/22/18 04:00,-1545451141.725
12/22/18 04:00,-1545451141.736
12/22/18 04:00,-1545451141.742
12/22/18 04:00,-1545451141.747
12/22/18 04:00,-1545451141.752
12/22/18 04:00,-1545451141.758
12/22/18 04:00,-1545451141.762
12/22/18 04:00,-1545451141.766
12/22/18 04:00,-1545451141.77
12/22/18 04:00,-1545451141.776
12/22/18 04:00,-1545451141.792
12/22/18 04:00,-1545451141.798
12/22/18 04:00,-1545451141.803
12/22/18 04:00,-1545451141.808
12/22/18 04:00,-1545451141.814
12/22/18 04:00,-1545451141.821
12/22/18 04:00,-1545451141.827
12/22/18 04:00,-1545451141.839
12/22/18 04:00,-1545451141.845
12/22/18 04:00,-1545451141.851
12/22/18 04:00,-1545451141.858
12/22/18 04:00,-1545451141.863
12/22/18 04:00,-1545451141.868
12/22/18 04:00,-1545451141.876
12/22/18 04:00,-1545451141.884
12/22/18 04:00,-1545451141.889
12/22/18 04:00,-1545451141.893
12/22/18 04:00,-1545451141.897
12/22/18 04:00,-1545451141.903
12/22/18 04:00,-1545451141.91
12/22/18 04:00,-1545451141.918
12/22/18 04:00,-1545451141.929
12/22/18 04:00,-1545451141.938
12/22/18 04:00,-1545451141.944
12/22/18 04:00,-1545451141.95
12/22/18 04:00,-1545451141.956
12/22/18 04:00,-1545451141.961
12/22/18 04:00,-1545451141.966
12/22/18 04:00,-1545451141.971
12/22/18 04:00,-1545451141.978
12/22/18 04:00,-1545451141.987
12/22/18 04:00,-1545451141.992
12/22/18 04:00,-1545451141.997
12/22/18 04:00,-1545451142.003
12/22/18 04:00,-1545451142.009
12/22/18 04:00,-1545451142.014
12/22/18 04:00,-1545451142.02
12/22/18 04:00,-1545451142.025
12/22/18 04:00,-1545451142.037
12/22/18 04:00,-1545451142.045
12/22/18 04:00,-1545451142.05
12/22/18 04:00,-1545451142.055
12/22/18 04:00,-1545451142.059
12/22/18 04:00,-1545451142.064
12/22/18 04:00,-1545451142.07
12/22/18 04:00,-1545451142.075
12/22/18 04:00,-1545451142.085
12/22/18 04:00,-1545451142.096
12/22/18 04:00,-1545451142.136
12/22/18 04:00,-1545451142.14
12/22/18 04:00,-1545451142.145
12/22/18 04:00,-1545451142.149
12/22/18 04:00,-1545451142.155
12/22/18 04:00,-1545451142.16
12/22/18 04:00,-1545451142.166
12/22/18 04:00,-1545451142.173
12/22/18 04:00,-1545451142.178
12/22/18 04:00,-1545451142.188
12/22/18 04:00,-1545451142.192
12/22/18 04:00,-1545451142.197
12/22/18 04:00,-1545451142.203
12/22/18 04:00,-1545451142.208
12/22/18 04:00,-1545451142.214
12/22/18 04:00,-1545451142.219
12/22/18 04:00,-1545451142.226
12/22/18 04:00,-1545451142.234
12/22/18 04:00,-1545451142.238
12/22/18 04:00,-1545451142.243
12/22/18 04:00,-1545451142.247
12/22/18 04:00,-1545451142.251
12/22/18 04:00,-1545451142.254
12/22/18 04:00,-1545451142.259
12/22/18 04:00,-1545451142.264
12/22/18 04:00,-1545451142.268
12/22/18 04:00,-1545451142.272
12/22/18 04:00,-1545451142.278
12/22/18 04:00,-1545451142.288
12/22/18 04:00,-1545451142.294
12/22/18 04:00,-1545451142.3
12/22/18 04:00,-1545451142.305
12/22/18 04:00,-1545451142.31
12/22/18 04:00,-1545451142.316
12/22/18 04:00,-1545451142.32
12/22/18 04:00,-1545451142.325
12/22/18 04:00,-1545451142.336
12/22/18 04:00,-1545451142.342
12/22/18 04:00,-1545451142.347
12/22/18 04:00,-1545451142.354
12/22/18 04:00,-1545451142.359
12/22/18 04:00,-1545451142.364
12/22/18 04:00,-1545451142.371
12/22/18 04:00,-1545451142.377
12/22/18 04:00,-1545451142.387
12/22/18 04:00,-1545451142.392
12/22/18 04:00,-1545451142.397
12/22/18 04:00,-1545451142.404
12/22/18 04:00,-1545451142.409
12/22/18 04:00,-1545451142.415
12/22/18 04:00,-1545451142.419
12/22/18 04:00,-1545451142.424
12/22/18 04:00,-1545451142.428
12/22/18 04:00,-1545451142.437
12/22/18 04:00,-1545451142.442
12/22/18 04:00,-1545451142.447
12/22/18 04:00,-1545451142.453
12/22/18 04:00,-1545451142.458
12/22/18 04:00,-1545451142.463
12/22/18 04:00,-1545451142.468
12/22/18 04:00,-1545451142.473
12/22/18 04:00,-1545451142.478
12/22/18 04:00,-1545451142.488
12/22/18 04:00,-1545451142.493
12/22/18 04:00,-1545451142.501
12/22/18 04:00,-1545451142.507
12/22/18 04:00,-1545451142.512
12/22/18 04:00,-1545451142.516
12/22/18 04:00,-1545451142.522
12/22/18 04:00,-1545451142.539
12/22/18 04:00,-1545451142.576
12/22/18 04:00,-1545451142.601
12/22/18 04:00,-1545451142.612
12/22/18 04:00,-1545451142.617
12/22/18 04:00,-1545451142.623
12/22/18 04:00,-1545451142.628
12/22/18 04:00,-1545451142.639
12/22/18 04:00,-1545451142.644
12/22/18 04:00,-1545451142.65
12/22/18 04:00,-1545451142.656
12/22/18 04:00,-1545451142.661
12/22/18 04:00,-1545451142.666
12/22/18 04:00,-1545451142.669
12/22/18 04:00,-1545451142.672
12/22/18 04:00,-1545451142.678
12/22/18 04:00,-1545451142.689
12/22/18 04:00,-1545451142.694
12/22/18 04:00,-1545451142.699
12/22/18 04:00,-1545451142.703
12/22/18 04:00,-1545451142.708
12/22/18 04:00,-1545451142.713
12/22/18 04:00,-1545451142.72
12/22/18 04:00,-1545451142.725
12/22/18 04:00,-1545451142.73
12/22/18 04:00,-1545451142.738
12/22/18 04:00,-1545451142.742
12/22/18 04:00,-1545451142.747
12/22/18 04:00,-1545451142.755
12/22/18 04:00,-1545451142.76
12/22/18 04:00,-1545451142.765
12/22/18 04:00,-1545451142.769
12/22/18 04:00,-1545451142.775
12/22/18 04:00,-1545451142.785
12/22/18 04:00,-1545451142.791
12/22/18 04:00,-1545451142.796
12/22/18 04:00,-1545451142.801
12/22/18 04:00,-1545451142.807
12/22/18 04:00,-1545451142.812
12/22/18 04:00,-1545451142.817
12/22/18 04:00,-1545451142.822
12/22/18 04:00,-1545451142.829
12/22/18 04:00,-1545451142.839
12/22/18 04:00,-1545451142.844
12/22/18 04:00,-1545451142.849
12/22/18 04:00,-1545451142.855
12/22/18 04:00,-1545451142.86
12/22/18 04:00,-1545451142.866
12/22/18 04:00,-1545451142.873
12/22/18 04:00,-1545451142.878
12/22/18 04:00,-1545451142.888
12/22/18 04:00,-1545451142.894
12/22/18 04:00,-1545451142.9
12/22/18 04:00,-1545451142.906
12/22/18 04:00,-1545451142.91
12/22/18 04:00,-1545451142.916
12/22/18 04:00,-1545451142.923
12/22/18 04:00,-1545451142.928
12/22/18 04:00,-1545451142.936
12/22/18 04:00,-1545451142.941
12/22/18 04:00,-1545451142.945
12/22/18 04:00,-1545451142.952
12/22/18 04:00,-1545451142.956
12/22/18 04:00,-1545451142.961
12/22/18 04:00,-1545451142.966
12/22/18 04:00,-1545451142.971
12/22/18 04:00,-1545451142.975
12/22/18 04:00,-1545451142.986
12/22/18 04:00,-1545451142.995
12/22/18 04:00,-1545451143.006
12/22/18 04:00,-1545451143.013
12/22/18 04:00,-1545451143.02
12/22/18 04:00,-1545451143.045
12/22/18 04:00,-1545451143.084
12/22/18 04:00,-1545451143.091
12/22/18 04:00,-1545451143.097
12/22/18 04:00,-1545451143.103
12/22/18 04:00,-1545451143.11
12/22/18 04:00,-1545451143.116
12/22/18 04:00,-1545451143.122
12/22/18 04:00,-1545451143.127
12/22/18 04:00,-1545451143.136
12/22/18 04:00,-1545451143.143
12/22/18 04:00,-1545451143.149
12/22/18 04:00,-1545451143.154
12/22/18 04:00,-1545451143.159
12/22/18 04:00,-1545451143.164
12/22/18 04:00,-1545451143.17
12/22/18 04:00,-1545451143.174
12/22/18 04:00,-1545451143.178
12/22/18 04:00,-1545451143.192
12/22/18 04:00,-1545451143.198
12/22/18 04:00,-1545451143.203
12/22/18 04:00,-1545451143.208
12/22/18 04:00,-1545451143.214
12/22/18 04:00,-1545451143.222
12/22/18 04:00,-1545451143.226
12/22/18 04:00,-1545451143.231
12/22/18 04:00,-1545451143.24
12/22/18 04:00,-1545451143.244
12/22/18 04:00,-1545451143.248
12/22/18 04:00,-1545451143.254
12/22/18 04:00,-1545451143.259
12/22/18 04:00,-1545451143.263
12/22/18 04:00,-1545451143.269
12/22/18 04:00,-1545451143.274
12/22/18 04:00,-1545451143.28
12/22/18 04:00,-1545451143.288
12/22/18 04:00,-1545451143.293
12/22/18 04:00,-1545451143.299
12/22/18 04:00,-1545451143.304
12/22/18 04:00,-1545451143.309
12/22/18 04:00,-1545451143.313
12/22/18 04:00,-1545451143.318
12/22/18 04:00,-1545451143.322
12/22/18 04:00,-1545451143.326
12/22/18 04:00,-1545451143.336
12/22/18 04:00,-1545451143.342
12/22/18 04:00,-1545451143.349
12/22/18 04:00,-1545451143.355
12/22/18 04:00,-1545451143.36
12/22/18 04:00,-1545451143.364
12/22/18 04:00,-1545451143.37
12/22/18 04:00,-1545451143.374
12/22/18 04:00,-1545451143.38
12/22/18 04:00,-1545451143.388
12/22/18 04:00,-1545451143.393
12/22/18 04:00,-1545451143.398
12/22/18 04:00,-1545451143.405
12/22/18 04:00,-1545451143.41
12/22/18 04:00,-1545451143.415
12/22/18 04:00,-1545451143.42
12/22/18 04:00,-1545451143.424
12/22/18 04:00,-1545451143.43
12/22/18 04:00,-1545451143.44
12/22/18 04:00,-1545451143.45
12/22/18 04:00,-1545451143.455
12/22/18 04:00,-1545451143.459
12/22/18 04:00,-1545451143.463
12/22/18 04:00,-1545451143.469
12/22/18 04:00,-1545451143.474
12/22/18 04:00,-1545451143.479
12/22/18 04:00,-1545451143.499
12/22/18 04:00,-1545451143.54
12/22/18 04:00,-1545451143.544
12/22/18 04:00,-1545451143.549
12/22/18 04:00,-1545451143.553
12/22/18 04:00,-1545451143.557
12/22/18 04:00,-1545451143.562
12/22/18 04:00,-1545451143.568
12/22/18 04:00,-1545451143.573
12/22/18 04:00,-1545451143.579
12/22/18 04:00,-1545451143.588
12/22/18 04:00,-1545451143.594
12/22/18 04:00,-1545451143.6
12/22/18 04:00,-1545451143.607
12/22/18 04:00,-1545451143.612
12/22/18 04:00,-1545451143.617
12/22/18 04:00,-1545451143.623
12/22/18 04:00,-1545451143.627
12/22/18 04:00,-1545451143.636
12/22/18 04:00,-1545451143.642
12/22/18 04:00,-1545451143.646
12/22/18 04:00,-1545451143.651
12/22/18 04:00,-1545451143.656
12/22/18 04:00,-1545451143.661
12/22/18 04:00,-1545451143.666
12/22/18 04:00,-1545451143.671
12/22/18 04:00,-1545451143.674
12/22/18 04:00,-1545451143.678
12/22/18 04:00,-1545451143.688
12/22/18 04:00,-1545451143.693
12/22/18 04:00,-1545451143.699
12/22/18 04:00,-1545451143.704
12/22/18 04:00,-1545451143.709
12/22/18 04:00,-1545451143.714
12/22/18 04:00,-1545451143.72
12/22/18 04:00,-1545451143.725
12/22/18 04:00,-1545451143.73
12/22/18 04:00,-1545451143.74
12/22/18 04:00,-1545451143.744
12/22/18 04:00,-1545451143.751
12/22/18 04:00,-1545451143.756
12/22/18 04:00,-1545451143.76
12/22/18 04:00,-1545451143.765
12/22/18 04:00,-1545451143.771
12/22/18 04:00,-1545451143.778
12/22/18 04:00,-1545451143.791
12/22/18 04:00,-1545451143.799
12/22/18 04:00,-1545451143.806
12/22/18 04:00,-1545451143.823
12/22/18 04:00,-1545451143.828
12/22/18 04:00,-1545451143.839
12/22/18 04:00,-1545451143.844
12/22/18 04:00,-1545451143.85
12/22/18 04:00,-1545451143.855
12/22/18 04:00,-1545451143.86
12/22/18 04:00,-1545451143.866
12/22/18 04:00,-1545451143.872
12/22/18 04:00,-1545451143.877
12/22/18 04:00,-1545451143.887
12/22/18 04:00,-1545451143.892
12/22/18 04:00,-1545451143.899
12/22/18 04:00,-1545451143.904
12/22/18 04:00,-1545451143.91
12/22/18 04:00,-1545451143.914
12/22/18 04:00,-1545451143.923
12/22/18 04:00,-1545451143.929
12/22/18 04:00,-1545451143.939
12/22/18 04:00,-1545451143.944
12/22/18 04:00,-1545451143.949
12/22/18 04:00,-1545451143.959
12/22/18 04:00,-1545451143.963
12/22/18 04:00,-1545451143.992
12/22/18 04:00,-1545451144.025
12/22/18 04:00,-1545451144.03
12/22/18 04:00,-1545451144.041
12/22/18 04:00,-1545451144.047
12/22/18 04:00,-1545451144.052
12/22/18 04:00,-1545451144.058
12/22/18 04:00,-1545451144.063
12/22/18 04:00,-1545451144.068
12/22/18 04:00,-1545451144.073
12/22/18 04:00,-1545451144.08
12/22/18 04:00,-1545451144.091
12/22/18 04:00,-1545451144.097
12/22/18 04:00,-1545451144.114
12/22/18 04:00,-1545451144.119
12/22/18 04:00,-1545451144.124
12/22/18 04:00,-1545451144.128
12/22/18 04:00,-1545451144.139
12/22/18 04:00,-1545451144.144
12/22/18 04:00,-1545451144.151
12/22/18 04:00,-1545451144.157
12/22/18 04:00,-1545451144.162
12/22/18 04:00,-1545451144.167
12/22/18 04:00,-1545451144.171
12/22/18 04:00,-1545451144.176
12/22/18 04:00,-1545451144.193
12/22/18 04:00,-1545451144.205
12/22/18 04:00,-1545451144.219
12/22/18 04:00,-1545451144.225
12/22/18 04:00,-1545451144.238
12/22/18 04:00,-1545451144.243
12/22/18 04:00,-1545451144.248
12/22/18 04:00,-1545451144.253
12/22/18 04:00,-1545451144.258
12/22/18 04:00,-1545451144.265
12/22/18 04:00,-1545451144.269
12/22/18 04:00,-1545451144.274
12/22/18 04:00,-1545451144.279
12/22/18 04:00,-1545451144.291
12/22/18 04:00,-1545451144.296
12/22/18 04:00,-1545451144.304
12/22/18 04:00,-1545451144.31
12/22/18 04:00,-1545451144.315
12/22/18 04:00,-1545451144.32
12/22/18 04:00,-1545451144.327
12/22/18 04:00,-1545451144.338
12/22/18 04:00,-1545451144.343
12/22/18 04:00,-1545451144.351
12/22/18 04:00,-1545451144.357
12/22/18 04:00,-1545451144.361
12/22/18 04:00,-1545451144.366
12/22/18 04:00,-1545451144.372
12/22/18 04:00,-1545451144.377
12/22/18 04:00,-1545451144.387
12/22/18 04:00,-1545451144.392
12/22/18 04:00,-1545451144.398
12/22/18 04:00,-1545451144.404
12/22/18 04:00,-1545451144.411
12/22/18 04:00,-1545451144.416
12/22/18 04:00,-1545451144.422
12/22/18 04:00,-1545451144.427
12/22/18 04:00,-1545451144.437
12/22/18 04:00,-1545451144.442
12/22/18 04:00,-1545451144.447
12/22/18 04:00,-1545451144.454
12/22/18 04:00,-1545451144.459
12/22/18 04:00,-1545451144.465
12/22/18 04:00,-1545451144.471
12/22/18 04:00,-1545451144.477
12/22/18 04:00,-1545451144.488
12/22/18 04:00,-1545451144.495
12/22/18 04:00,-1545451144.507
12/22/18 04:00,-1545451144.54
12/22/18 04:00,-1545451144.553
12/22/18 04:00,-1545451144.558
12/22/18 04:00,-1545451144.567
12/22/18 04:00,-1545451144.572
12/22/18 04:00,-1545451144.577
12/22/18 04:00,-1545451144.591
12/22/18 04:00,-1545451144.598
12/22/18 04:00,-1545451144.607
12/22/18 04:00,-1545451144.611
12/22/18 04:00,-1545451144.618
12/22/18 04:00,-1545451144.624
12/22/18 04:00,-1545451144.63
12/22/18 04:00,-1545451144.64
12/22/18 04:00,-1545451144.645
12/22/18 04:00,-1545451144.651
12/22/18 04:00,-1545451144.659
12/22/18 04:00,-1545451144.664
12/22/18 04:00,-1545451144.67
12/22/18 04:00,-1545451144.675
12/22/18 04:00,-1545451144.685
12/22/18 04:00,-1545451144.691
12/22/18 04:00,-1545451144.695
12/22/18 04:00,-1545451144.7
12/22/18 04:00,-1545451144.706
12/22/18 04:00,-1545451144.71
12/22/18 04:00,-1545451144.715
12/22/18 04:00,-1545451144.723
12/22/18 04:00,-1545451144.729
12/22/18 04:00,-1545451144.739
12/22/18 04:00,-1545451144.743
12/22/18 04:00,-1545451144.748
12/22/18 04:00,-1545451144.755
12/22/18 04:00,-1545451144.761
12/22/18 04:00,-1545451144.765
12/22/18 04:00,-1545451144.769
12/22/18 04:00,-1545451144.775
12/22/18 04:00,-1545451144.786
12/22/18 04:00,-1545451144.793
12/22/18 04:00,-1545451144.799
12/22/18 04:00,-1545451144.804
12/22/18 04:00,-1545451144.808
12/22/18 04:00,-1545451144.814
12/22/18 04:00,-1545451144.82
12/22/18 04:00,-1545451144.827
12/22/18 04:00,-1545451144.838
12/22/18 04:00,-1545451144.844
12/22/18 04:00,-1545451144.848
12/22/18 04:00,-1545451144.853
12/22/18 04:00,-1545451144.858
12/22/18 04:00,-1545451144.863
12/22/18 04:00,-1545451144.867
12/22/18 04:00,-1545451144.872
12/22/18 04:00,-1545451144.877
12/22/18 04:00,-1545451144.886
12/22/18 04:00,-1545451144.891
12/22/18 04:00,-1545451144.896
12/22/18 04:00,-1545451144.903
12/22/18 04:00,-1545451144.907
12/22/18 04:00,-1545451144.911
12/22/18 04:00,-1545451144.918
12/22/18 04:00,-1545451144.921
12/22/18 04:00,-1545451144.926
12/22/18 04:00,-1545451144.935
12/22/18 04:00,-1545451144.941
12/22/18 04:00,-1545451144.946
12/22/18 04:00,-1545451144.951
12/22/18 04:00,-1545451144.957
12/22/18 04:00,-1545451144.962
12/22/18 04:00,-1545451144.966
12/22/18 04:00,-1545451144.972
12/22/18 04:00,-1545451144.996
12/22/18 04:00,-1545451145.053
12/22/18 04:00,-1545451145.059
12/22/18 04:00,-1545451145.064
12/22/18 04:00,-1545451145.07
12/22/18 04:00,-1545451145.076
12/22/18 04:00,-1545451145.088
12/22/18 04:00,-1545451145.095
12/22/18 04:00,-1545451145.1
12/22/18 04:00,-1545451145.104
12/22/18 04:00,-1545451145.111
12/22/18 04:00,-1545451145.125
12/22/18 04:00,-1545451145.137
12/22/18 04:00,-1545451145.142
12/22/18 04:00,-1545451145.148
12/22/18 04:00,-1545451145.155
12/22/18 04:00,-1545451145.16
12/22/18 04:00,-1545451145.164
12/22/18 04:00,-1545451145.17
12/22/18 04:00,-1545451145.174
12/22/18 04:00,-1545451145.179
12/22/18 04:00,-1545451145.191
12/22/18 04:00,-1545451145.197
12/22/18 04:00,-1545451145.203
12/22/18 04:00,-1545451145.209
12/22/18 04:00,-1545451145.214
12/22/18 04:00,-1545451145.218
12/22/18 04:00,-1545451145.225
12/22/18 04:00,-1545451145.236
12/22/18 04:00,-1545451145.244
12/22/18 04:00,-1545451145.25
12/22/18 04:00,-1545451145.255
12/22/18 04:00,-1545451145.26
12/22/18 04:00,-1545451145.269
12/22/18 04:00,-1545451145.276
12/22/18 04:00,-1545451145.29
12/22/18 04:00,-1545451145.295
12/22/18 04:00,-1545451145.299
12/22/18 04:00,-1545451145.305
12/22/18 04:00,-1545451145.309
12/22/18 04:00,-1545451145.314
12/22/18 04:00,-1545451145.319
12/22/18 04:00,-1545451145.324
12/22/18 04:00,-1545451145.337
12/22/18 04:00,-1545451145.343
12/22/18 04:00,-1545451145.349
12/22/18 04:00,-1545451145.357
12/22/18 04:00,-1545451145.364
12/22/18 04:00,-1545451145.37
12/22/18 04:00,-1545451145.376
12/22/18 04:00,-1545451145.389
12/22/18 04:00,-1545451145.41
12/22/18 04:00,-1545451145.421
12/22/18 04:00,-1545451145.428
12/22/18 04:00,-1545451145.439
12/22/18 04:00,-1545451145.444
12/22/18 04:00,-1545451145.448
12/22/18 04:00,-1545451145.453
12/22/18 04:00,-1545451145.462
12/22/18 04:00,-1545451145.468
12/22/18 04:00,-1545451145.472
12/22/18 04:00,-1545451145.477
12/22/18 04:00,-1545451145.488
12/22/18 04:00,-1545451145.496
12/22/18 04:00,-1545451145.501
12/22/18 04:00,-1545451145.506
12/22/18 04:00,-1545451145.51
12/22/18 04:00,-1545451145.514
12/22/18 04:00,-1545451145.52
12/22/18 04:00,-1545451145.525
12/22/18 04:00,-1545451145.529
12/22/18 04:00,-1545451145.545
12/22/18 04:00,-1545451145.585
12/22/18 04:00,-1545451145.592
12/22/18 04:00,-1545451145.596
12/22/18 04:00,-1545451145.603
12/22/18 04:00,-1545451145.607
12/22/18 04:00,-1545451145.612
12/22/18 04:00,-1545451145.619
12/22/18 04:00,-1545451145.625
12/22/18 04:00,-1545451145.629
12/22/18 04:00,-1545451145.64
12/22/18 04:00,-1545451145.645
12/22/18 04:00,-1545451145.65
12/22/18 04:00,-1545451145.655
12/22/18 04:00,-1545451145.661
12/22/18 04:00,-1545451145.667
12/22/18 04:00,-1545451145.672
12/22/18 04:00,-1545451145.678
12/22/18 04:00,-1545451145.689
12/22/18 04:00,-1545451145.694
12/22/18 04:00,-1545451145.701
12/22/18 04:00,-1545451145.706
12/22/18 04:00,-1545451145.71
12/22/18 04:00,-1545451145.714
12/22/18 04:00,-1545451145.718
12/22/18 04:00,-1545451145.722
12/22/18 04:00,-1545451145.727
12/22/18 04:00,-1545451145.737
12/22/18 04:00,-1545451145.744
12/22/18 04:00,-1545451145.75
12/22/18 04:00,-1545451145.754
12/22/18 04:00,-1545451145.759
12/22/18 04:00,-1545451145.764
12/22/18 04:00,-1545451145.771
12/22/18 04:00,-1545451145.777
12/22/18 04:00,-1545451145.789
12/22/18 04:00,-1545451145.794
12/22/18 04:00,-1545451145.799
12/22/18 04:00,-1545451145.804
12/22/18 04:00,-1545451145.809
12/22/18 04:00,-1545451145.814
12/22/18 04:00,-1545451145.819
12/22/18 04:00,-1545451145.824
12/22/18 04:00,-1545451145.836
12/22/18 04:00,-1545451145.842
12/22/18 04:00,-1545451145.851
12/22/18 04:00,-1545451145.856
12/22/18 04:00,-1545451145.86
12/22/18 04:00,-1545451145.867
12/22/18 04:00,-1545451145.872
12/22/18 04:00,-1545451145.876
12/22/18 04:00,-1545451145.886
12/22/18 04:00,-1545451145.891
12/22/18 04:00,-1545451145.896
12/22/18 04:00,-1545451145.901
12/22/18 04:00,-1545451145.907
12/22/18 04:00,-1545451145.912
12/22/18 04:00,-1545451145.918
12/22/18 04:00,-1545451145.922
12/22/18 04:00,-1545451145.927
12/22/18 04:00,-1545451145.939
12/22/18 04:00,-1545451145.945
12/22/18 04:00,-1545451145.952
12/22/18 04:00,-1545451145.957
12/22/18 04:00,-1545451145.962
12/22/18 04:00,-1545451145.966
12/22/18 04:00,-1545451145.971
12/22/18 04:00,-1545451145.975
12/22/18 04:00,-1545451145.979
12/22/18 04:00,-1545451145.99
12/22/18 04:00,-1545451145.998
12/22/18 04:00,-1545451146.003
12/22/18 04:00,-1545451146.015
12/22/18 04:00,-1545451146.054
12/22/18 04:00,-1545451146.059
12/22/18 04:00,-1545451146.063
12/22/18 04:00,-1545451146.068
12/22/18 04:00,-1545451146.072
12/22/18 04:00,-1545451146.077
12/22/18 04:00,-1545451146.087
12/22/18 04:00,-1545451146.092
12/22/18 04:00,-1545451146.096
12/22/18 04:00,-1545451146.103
12/22/18 04:00,-1545451146.11
12/22/18 04:00,-1545451146.116
12/22/18 04:00,-1545451146.122
12/22/18 04:00,-1545451146.128
12/22/18 04:00,-1545451146.146
12/22/18 04:00,-1545451146.152
12/22/18 04:00,-1545451146.157
12/22/18 04:00,-1545451146.163
12/22/18 04:00,-1545451146.17
12/22/18 04:00,-1545451146.175
12/22/18 04:00,-1545451146.179
12/22/18 04:00,-1545451146.19
12/22/18 04:00,-1545451146.195
12/22/18 04:00,-1545451146.205
12/22/18 04:00,-1545451146.212
12/22/18 04:00,-1545451146.221
12/22/18 04:00,-1545451146.226
12/22/18 04:00,-1545451146.237
12/22/18 04:00,-1545451146.243
12/22/18 04:00,-1545451146.248
12/22/18 04:00,-1545451146.253
12/22/18 04:00,-1545451146.258
12/22/18 04:00,-1545451146.264
12/22/18 04:00,-1545451146.268
12/22/18 04:00,-1545451146.273
12/22/18 04:00,-1545451146.278
12/22/18 04:00,-1545451146.287
12/22/18 04:00,-1545451146.294
12/22/18 04:00,-1545451146.3
12/22/18 04:00,-1545451146.304
12/22/18 04:00,-1545451146.31
12/22/18 04:00,-1545451146.318
12/22/18 04:00,-1545451146.323
12/22/18 04:00,-1545451146.329
12/22/18 04:00,-1545451146.341
12/22/18 04:00,-1545451146.347
12/22/18 04:00,-1545451146.354
12/22/18 04:00,-1545451146.358
12/22/18 04:00,-1545451146.363
12/22/18 04:00,-1545451146.368
12/22/18 04:00,-1545451146.372
12/22/18 04:00,-1545451146.378
12/22/18 04:00,-1545451146.388
12/22/18 04:00,-1545451146.394
12/22/18 04:00,-1545451146.399
12/22/18 04:00,-1545451146.405
12/22/18 04:00,-1545451146.409
12/22/18 04:00,-1545451146.416
12/22/18 04:00,-1545451146.422
12/22/18 04:00,-1545451146.435
12/22/18 04:00,-1545451146.442
12/22/18 04:00,-1545451146.449
12/22/18 04:00,-1545451146.454
12/22/18 04:00,-1545451146.461
12/22/18 04:00,-1545451146.467
12/22/18 04:00,-1545451146.472
12/22/18 04:00,-1545451146.478
12/22/18 04:00,-1545451146.494
12/22/18 04:00,-1545451146.502
12/22/18 04:00,-1545451146.507
12/22/18 04:00,-1545451146.522
12/22/18 04:00,-1545451146.566
12/22/18 04:00,-1545451146.572
12/22/18 04:00,-1545451146.59
12/22/18 04:00,-1545451146.62
12/22/18 04:00,-1545451146.639
12/22/18 04:00,-1545451146.647
12/22/18 04:00,-1545451146.656
12/22/18 04:00,-1545451146.662
12/22/18 04:00,-1545451146.67
12/22/18 04:00,-1545451146.676
12/22/18 04:00,-1545451146.688
12/22/18 04:00,-1545451146.694
12/22/18 04:00,-1545451146.7
12/22/18 04:00,-1545451146.706
12/22/18 04:00,-1545451146.71
12/22/18 04:00,-1545451146.716
12/22/18 04:00,-1545451146.722
12/22/18 04:00,-1545451146.726
12/22/18 04:00,-1545451146.741
12/22/18 04:00,-1545451146.748
12/22/18 04:00,-1545451146.752
12/22/18 04:00,-1545451146.758
12/22/18 04:00,-1545451146.763
12/22/18 04:00,-1545451146.768
12/22/18 04:00,-1545451146.778
12/22/18 04:00,-1545451146.789
12/22/18 04:00,-1545451146.794
12/22/18 04:00,-1545451146.801
12/22/18 04:00,-1545451146.806
12/22/18 04:00,-1545451146.813
12/22/18 04:00,-1545451146.819
12/22/18 04:00,-1545451146.824
12/22/18 04:00,-1545451146.84
12/22/18 04:00,-1545451146.847
12/22/18 04:00,-1545451146.856
12/22/18 04:00,-1545451146.861
12/22/18 04:00,-1545451146.867
12/22/18 04:00,-1545451146.871
12/22/18 04:00,-1545451146.876
12/22/18 04:00,-1545451146.886
12/22/18 04:00,-1545451146.89
12/22/18 04:00,-1545451146.895
12/22/18 04:00,-1545451146.902
12/22/18 04:00,-1545451146.906
12/22/18 04:00,-1545451146.911
12/22/18 04:00,-1545451146.916
12/22/18 04:00,-1545451146.92
12/22/18 04:00,-1545451146.924
12/22/18 04:00,-1545451146.929
12/22/18 04:00,-1545451146.94
12/22/18 04:00,-1545451146.946
12/22/18 04:00,-1545451146.951
12/22/18 04:00,-1545451146.956
12/22/18 04:00,-1545451146.971
12/22/18 04:00,-1545451146.976
12/22/18 04:00,-1545451146.98
12/22/18 04:00,-1545451146.99
12/22/18 04:00,-1545451146.995
12/22/18 04:00,-1545451147.0
12/22/18 04:00,-1545451147.006
12/22/18 04:00,-1545451147.009
12/22/18 04:00,-1545451147.014
12/22/18 04:00,-1545451147.019
12/22/18 04:00,-1545451147.025
12/22/18 04:00,-1545451147.03
12/22/18 04:00,-1545451147.04
12/22/18 04:00,-1545451147.059
12/22/18 04:00,-1545451147.113
12/22/18 04:00,-1545451147.12
12/22/18 04:00,-1545451147.127
12/22/18 04:00,-1545451147.14
12/22/18 04:00,-1545451147.149
12/22/18 04:00,-1545451147.155
12/22/18 04:00,-1545451147.16
12/22/18 04:00,-1545451147.165
12/22/18 04:00,-1545451147.171
12/22/18 04:00,-1545451147.176
12/22/18 04:00,-1545451147.187
12/22/18 04:00,-1545451147.192
12/22/18 04:00,-1545451147.196
12/22/18 04:00,-1545451147.202
12/22/18 04:00,-1545451147.207
12/22/18 04:00,-1545451147.212
12/22/18 04:00,-1545451147.218
12/22/18 04:00,-1545451147.224
12/22/18 04:00,-1545451147.236
12/22/18 04:00,-1545451147.242
12/22/18 04:00,-1545451147.248
12/22/18 04:00,-1545451147.258
12/22/18 04:00,-1545451147.262
12/22/18 04:00,-1545451147.268
12/22/18 04:00,-1545451147.273
12/22/18 04:00,-1545451147.278
12/22/18 04:00,-1545451147.289
12/22/18 04:00,-1545451147.295
12/22/18 04:00,-1545451147.3
12/22/18 04:00,-1545451147.306
12/22/18 04:00,-1545451147.311
12/22/18 04:00,-1545451147.316
12/22/18 04:00,-1545451147.321
12/22/18 04:00,-1545451147.325
12/22/18 04:00,-1545451147.329
12/22/18 04:00,-1545451147.339
12/22/18 04:00,-1545451147.344
12/22/18 04:00,-1545451147.35
12/22/18 04:00,-1545451147.355
12/22/18 04:00,-1545451147.361
12/22/18 04:00,-1545451147.367
12/22/18 04:00,-1545451147.373
12/22/18 04:00,-1545451147.379
12/22/18 04:00,-1545451147.391
12/22/18 04:00,-1545451147.396
12/22/18 04:00,-1545451147.402
12/22/18 04:00,-1545451147.408
12/22/18 04:00,-1545451147.414
12/22/18 04:00,-1545451147.419
12/22/18 04:00,-1545451147.427
12/22/18 04:00,-1545451147.44
12/22/18 04:00,-1545451147.445
12/22/18 04:00,-1545451147.453
12/22/18 04:00,-1545451147.46
12/22/18 04:00,-1545451147.465
12/22/18 04:00,-1545451147.47
12/22/18 04:00,-1545451147.477
12/22/18 04:00,-1545451147.488
12/22/18 04:00,-1545451147.494
12/22/18 04:00,-1545451147.5
12/22/18 04:00,-1545451147.506
12/22/18 04:00,-1545451147.511
12/22/18 04:00,-1545451147.518
12/22/18 04:00,-1545451147.523
12/22/18 04:00,-1545451147.528
12/22/18 04:00,-1545451147.538
12/22/18 04:00,-1545451147.544
12/22/18 04:00,-1545451147.55
12/22/18 04:00,-1545451147.557
12/22/18 04:00,-1545451147.562
12/22/18 04:00,-1545451147.567
12/22/18 04:00,-1545451147.573
12/22/18 04:00,-1545451147.578
12/22/18 04:00,-1545451147.59
12/22/18 04:00,-1545451147.605
12/22/18 04:00,-1545451147.648
12/22/18 04:00,-1545451147.654
12/22/18 04:00,-1545451147.66
12/22/18 04:00,-1545451147.665
12/22/18 04:00,-1545451147.67
12/22/18 04:00,-1545451147.674
12/22/18 04:00,-1545451147.679
12/22/18 04:00,-1545451147.689
12/22/18 04:00,-1545451147.694
12/22/18 04:00,-1545451147.699
12/22/18 04:00,-1545451147.707
12/22/18 04:00,-1545451147.712
12/22/18 04:00,-1545451147.717
12/22/18 04:00,-1545451147.722
12/22/18 04:00,-1545451147.728
12/22/18 04:00,-1545451147.737
12/22/18 04:00,-1545451147.74
12/22/18 04:00,-1545451147.743
12/22/18 04:00,-1545451147.748
12/22/18 04:00,-1545451147.754
12/22/18 04:00,-1545451147.758
12/22/18 04:00,-1545451147.763
12/22/18 04:00,-1545451147.769
12/22/18 04:00,-1545451147.776
12/22/18 04:00,-1545451147.786
12/22/18 04:00,-1545451147.791
12/22/18 04:00,-1545451147.809
12/22/18 04:00,-1545451147.82
12/22/18 04:00,-1545451147.828
12/22/18 04:00,-1545451147.839
12/22/18 04:00,-1545451147.846
12/22/18 04:00,-1545451147.852
12/22/18 04:00,-1545451147.857
12/22/18 04:00,-1545451147.861
12/22/18 04:00,-1545451147.865
12/22/18 04:00,-1545451147.871
12/22/18 04:00,-1545451147.876
12/22/18 04:00,-1545451147.887
12/22/18 04:00,-1545451147.894
12/22/18 04:00,-1545451147.898
12/22/18 04:00,-1545451147.903
12/22/18 04:00,-1545451147.907
12/22/18 04:00,-1545451147.912
12/22/18 04:00,-1545451147.918
12/22/18 04:00,-1545451147.923
12/22/18 04:00,-1545451147.929
12/22/18 04:00,-1545451147.94
12/22/18 04:00,-1545451147.944
12/22/18 04:00,-1545451147.949
12/22/18 04:00,-1545451147.956
12/22/18 04:00,-1545451147.961
12/22/18 04:00,-1545451147.967
12/22/18 04:00,-1545451147.974
12/22/18 04:00,-1545451147.986
12/22/18 04:00,-1545451147.991
12/22/18 04:00,-1545451147.995
12/22/18 04:00,-1545451148.0
12/22/18 04:00,-1545451148.006
12/22/18 04:00,-1545451148.011
12/22/18 04:00,-1545451148.016
12/22/18 04:00,-1545451148.021
12/22/18 04:00,-1545451148.026
12/22/18 04:00,-1545451148.037
12/22/18 04:00,-1545451148.042
12/22/18 04:00,-1545451148.048
12/22/18 04:00,-1545451148.052
12/22/18 04:00,-1545451148.056
12/22/18 04:00,-1545451148.06
12/22/18 04:00,-1545451148.065
12/22/18 04:00,-1545451148.071
12/22/18 04:00,-1545451148.089
12/22/18 04:00,-1545451148.144
12/22/18 04:00,-1545451148.148
12/22/18 04:00,-1545451148.152
12/22/18 04:00,-1545451148.155
12/22/18 04:00,-1545451148.159
12/22/18 04:00,-1545451148.162
12/22/18 04:00,-1545451148.173
12/22/18 04:00,-1545451148.178
12/22/18 04:00,-1545451148.188
12/22/18 04:00,-1545451148.192
12/22/18 04:00,-1545451148.197
12/22/18 04:00,-1545451148.203
12/22/18 04:00,-1545451148.21
12/22/18 04:00,-1545451148.216
12/22/18 04:00,-1545451148.22
12/22/18 04:00,-1545451148.226
12/22/18 04:00,-1545451148.236
12/22/18 04:00,-1545451148.242
12/22/18 04:00,-1545451148.248
12/22/18 04:00,-1545451148.254
12/22/18 04:00,-1545451148.26
12/22/18 04:00,-1545451148.265
12/22/18 04:00,-1545451148.269
12/22/18 04:00,-1545451148.273
12/22/18 04:00,-1545451148.276
12/22/18 04:00,-1545451148.28
12/22/18 04:00,-1545451148.29
12/22/18 04:00,-1545451148.295
12/22/18 04:00,-1545451148.303
12/22/18 04:00,-1545451148.307
12/22/18 04:00,-1545451148.31
12/22/18 04:00,-1545451148.315
12/22/18 04:00,-1545451148.321
12/22/18 04:00,-1545451148.325
12/22/18 04:00,-1545451148.329
12/22/18 04:00,-1545451148.339
12/22/18 04:00,-1545451148.344
12/22/18 04:00,-1545451148.348
12/22/18 04:00,-1545451148.352
12/22/18 04:00,-1545451148.358
12/22/18 04:00,-1545451148.362
12/22/18 04:00,-1545451148.367
12/22/18 04:00,-1545451148.372
12/22/18 04:00,-1545451148.377
12/22/18 04:00,-1545451148.387
12/22/18 04:00,-1545451148.392
12/22/18 04:00,-1545451148.397
12/22/18 04:00,-1545451148.404
12/22/18 04:00,-1545451148.409
12/22/18 04:00,-1545451148.413
12/22/18 04:00,-1545451148.419
12/22/18 04:00,-1545451148.423
12/22/18 04:00,-1545451148.427
12/22/18 04:00,-1545451148.438
12/22/18 04:00,-1545451148.445
12/22/18 04:00,-1545451148.451
12/22/18 04:00,-1545451148.456
12/22/18 04:00,-1545451148.461
12/22/18 04:00,-1545451148.466
12/22/18 04:00,-1545451148.47
12/22/18 04:00,-1545451148.474
12/22/18 04:00,-1545451148.48
12/22/18 04:00,-1545451148.492
12/22/18 04:00,-1545451148.499
12/22/18 04:00,-1545451148.503
12/22/18 04:00,-1545451148.508
12/22/18 04:00,-1545451148.512
12/22/18 04:00,-1545451148.517
12/22/18 04:00,-1545451148.522
12/22/18 04:00,-1545451148.567
12/22/18 04:00,-1545451148.574
12/22/18 04:00,-1545451148.58
12/22/18 04:00,-1545451148.591
12/22/18 04:00,-1545451148.603
12/22/18 04:00,-1545451148.608
12/22/18 04:00,-1545451148.612
12/22/18 04:00,-1545451148.618
12/22/18 04:00,-1545451148.627
12/22/18 04:00,-1545451148.638
12/22/18 04:00,-1545451148.645
12/22/18 04:00,-1545451148.651
12/22/18 04:00,-1545451148.655
12/22/18 04:00,-1545451148.66
12/22/18 04:00,-1545451148.667
12/22/18 04:00,-1545451148.673
12/22/18 04:00,-1545451148.678
12/22/18 04:00,-1545451148.688
12/22/18 04:00,-1545451148.693
12/22/18 04:00,-1545451148.698
12/22/18 04:00,-1545451148.704
12/22/18 04:00,-1545451148.709
12/22/18 04:00,-1545451148.714
12/22/18 04:00,-1545451148.719
12/22/18 04:00,-1545451148.724
12/22/18 04:00,-1545451148.73
12/22/18 04:00,-1545451148.741
12/22/18 04:00,-1545451148.746
12/22/18 04:00,-1545451148.751
12/22/18 04:00,-1545451148.754
12/22/18 04:00,-1545451148.758
12/22/18 04:00,-1545451148.763
12/22/18 04:00,-1545451148.768
12/22/18 04:00,-1545451148.773
12/22/18 04:00,-1545451148.778
12/22/18 04:00,-1545451148.79
12/22/18 04:00,-1545451148.795
12/22/18 04:00,-1545451148.801
12/22/18 04:00,-1545451148.806
12/22/18 04:00,-1545451148.811
12/22/18 04:00,-1545451148.818
12/22/18 04:00,-1545451148.824
12/22/18 04:00,-1545451148.841
12/22/18 04:00,-1545451148.848
12/22/18 04:00,-1545451148.853
12/22/18 04:00,-1545451148.858
12/22/18 04:00,-1545451148.863
12/22/18 04:00,-1545451148.872
12/22/18 04:00,-1545451148.879
12/22/18 04:00,-1545451148.892
12/22/18 04:00,-1545451148.898
12/22/18 04:00,-1545451148.904
12/22/18 04:00,-1545451148.909
12/22/18 04:00,-1545451148.915
12/22/18 04:00,-1545451148.92
12/22/18 04:00,-1545451148.929
12/22/18 04:00,-1545451148.94
12/22/18 04:00,-1545451148.944
12/22/18 04:00,-1545451148.949
12/22/18 04:00,-1545451148.954
12/22/18 04:00,-1545451148.959
12/22/18 04:00,-1545451148.963
12/22/18 04:00,-1545451148.968
12/22/18 04:00,-1545451148.973
12/22/18 04:00,-1545451148.978
12/22/18 04:00,-1545451148.987
12/22/18 04:00,-1545451148.994
12/22/18 04:00,-1545451149.008
12/22/18 04:00,-1545451149.017
12/22/18 04:00,-1545451149.021
12/22/18 04:00,-1545451149.027
12/22/18 04:00,-1545451149.037
12/22/18 04:00,-1545451149.049
12/22/18 04:00,-1545451149.087
12/22/18 04:00,-1545451149.093
12/22/18 04:00,-1545451149.098
12/22/18 04:00,-1545451149.103
12/22/18 04:00,-1545451149.109
12/22/18 04:00,-1545451149.114
12/22/18 04:00,-1545451149.119
12/22/18 04:00,-1545451149.124
12/22/18 04:00,-1545451149.13
12/22/18 04:00,-1545451149.14
12/22/18 04:00,-1545451149.145
12/22/18 04:00,-1545451149.153
12/22/18 04:00,-1545451149.159
12/22/18 04:00,-1545451149.164
12/22/18 04:00,-1545451149.168
12/22/18 04:00,-1545451149.172
12/22/18 04:00,-1545451149.178
12/22/18 04:00,-1545451149.198
12/22/18 04:00,-1545451149.205
12/22/18 04:00,-1545451149.21
12/22/18 04:00,-1545451149.215
12/22/18 04:00,-1545451149.223
12/22/18 04:00,-1545451149.228
12/22/18 04:00,-1545451149.24
12/22/18 04:00,-1545451149.245
12/22/18 04:00,-1545451149.25
12/22/18 04:00,-1545451149.255
12/22/18 04:00,-1545451149.26
12/22/18 04:00,-1545451149.266
12/22/18 04:00,-1545451149.272
12/22/18 04:00,-1545451149.278
12/22/18 04:00,-1545451149.289
12/22/18 04:00,-1545451149.295
12/22/18 04:00,-1545451149.302
12/22/18 04:00,-1545451149.308
12/22/18 04:00,-1545451149.313
12/22/18 04:00,-1545451149.318
12/22/18 04:00,-1545451149.324
12/22/18 04:00,-1545451149.33
12/22/18 04:00,-1545451149.343
12/22/18 04:00,-1545451149.348
12/22/18 04:00,-1545451149.353
12/22/18 04:00,-1545451149.36
12/22/18 04:00,-1545451149.367
12/22/18 04:00,-1545451149.372
12/22/18 04:00,-1545451149.377
12/22/18 04:00,-1545451149.388
12/22/18 04:00,-1545451149.393
12/22/18 04:00,-1545451149.399
12/22/18 04:00,-1545451149.404
12/22/18 04:00,-1545451149.409
12/22/18 04:00,-1545451149.414
12/22/18 04:00,-1545451149.418
12/22/18 04:00,-1545451149.423
12/22/18 04:00,-1545451149.428
12/22/18 04:00,-1545451149.44
12/22/18 04:00,-1545451149.446
12/22/18 04:00,-1545451149.451
12/22/18 04:00,-1545451149.455
12/22/18 04:00,-1545451149.461
12/22/18 04:00,-1545451149.465
12/22/18 04:00,-1545451149.471
12/22/18 04:00,-1545451149.476
12/22/18 04:00,-1545451149.486
12/22/18 04:00,-1545451149.492
12/22/18 04:00,-1545451149.497
12/22/18 04:00,-1545451149.502
12/22/18 04:00,-1545451149.507
12/22/18 04:00,-1545451149.512
12/22/18 04:00,-1545451149.517
12/22/18 04:00,-1545451149.539
12/22/18 04:00,-1545451149.568
12/22/18 04:00,-1545451149.576
12/22/18 04:00,-1545451149.587
12/22/18 04:00,-1545451149.593
12/22/18 04:00,-1545451149.6
12/22/18 04:00,-1545451149.609
12/22/18 04:00,-1545451149.614
12/22/18 04:00,-1545451149.62
12/22/18 04:00,-1545451149.625
12/22/18 04:00,-1545451149.636
12/22/18 04:00,-1545451149.642
12/22/18 04:00,-1545451149.647
12/22/18 04:00,-1545451149.652
12/22/18 04:00,-1545451149.658
12/22/18 04:00,-1545451149.665
12/22/18 04:00,-1545451149.67
12/22/18 04:00,-1545451149.674
12/22/18 04:00,-1545451149.679
12/22/18 04:00,-1545451149.69
12/22/18 04:00,-1545451149.695
12/22/18 04:00,-1545451149.7
12/22/18 04:00,-1545451149.705
12/22/18 04:00,-1545451149.71
12/22/18 04:00,-1545451149.714
12/22/18 04:00,-1545451149.721
12/22/18 04:00,-1545451149.726
12/22/18 04:00,-1545451149.737
12/22/18 04:00,-1545451149.743
12/22/18 04:00,-1545451149.748
12/22/18 04:00,-1545451149.754
12/22/18 04:00,-1545451149.759
12/22/18 04:00,-1545451149.763
12/22/18 04:00,-1545451149.768
12/22/18 04:00,-1545451149.772
12/22/18 04:00,-1545451149.778
12/22/18 04:00,-1545451149.79
12/22/18 04:00,-1545451149.796
12/22/18 04:00,-1545451149.804
12/22/18 04:00,-1545451149.809
12/22/18 04:00,-1545451149.816
12/22/18 04:00,-1545451149.821
12/22/18 04:00,-1545451149.826
12/22/18 04:00,-1545451149.84
12/22/18 04:00,-1545451149.847
12/22/18 04:00,-1545451149.852
12/22/18 04:00,-1545451149.856
12/22/18 04:00,-1545451149.86
12/22/18 04:00,-1545451149.866
12/22/18 04:00,-1545451149.872
12/22/18 04:00,-1545451149.877
12/22/18 04:00,-1545451149.889
12/22/18 04:00,-1545451149.894
12/22/18 04:00,-1545451149.899
12/22/18 04:00,-1545451149.903
12/22/18 04:00,-1545451149.908
12/22/18 04:00,-1545451149.914
12/22/18 04:00,-1545451149.92
12/22/18 04:00,-1545451149.926
12/22/18 04:00,-1545451149.937
12/22/18 04:00,-1545451149.943
12/22/18 04:00,-1545451149.95
12/22/18 04:00,-1545451149.957
12/22/18 04:00,-1545451149.962
12/22/18 04:00,-1545451149.967
12/22/18 04:00,-1545451149.972
12/22/18 04:00,-1545451149.975
12/22/18 04:00,-1545451149.981
12/22/18 04:00,-1545451149.99
12/22/18 04:00,-1545451149.995
12/22/18 04:00,-1545451150.0
12/22/18 04:00,-1545451150.004
12/22/18 04:00,-1545451150.022
12/22/18 04:00,-1545451150.056
12/22/18 04:00,-1545451150.063
12/22/18 04:00,-1545451150.068
12/22/18 04:00,-1545451150.074
12/22/18 04:00,-1545451150.078
12/22/18 04:00,-1545451150.088
12/22/18 04:00,-1545451150.095
12/22/18 04:00,-1545451150.102
12/22/18 04:00,-1545451150.107
12/22/18 04:00,-1545451150.111
12/22/18 04:00,-1545451150.115
12/22/18 04:00,-1545451150.121
12/22/18 04:00,-1545451150.126
12/22/18 04:00,-1545451150.139
12/22/18 04:00,-1545451150.144
12/22/18 04:00,-1545451150.152
12/22/18 04:00,-1545451150.158
12/22/18 04:00,-1545451150.165
12/22/18 04:00,-1545451150.17
12/22/18 04:00,-1545451150.175
12/22/18 04:00,-1545451150.18
12/22/18 04:00,-1545451150.19
12/22/18 04:00,-1545451150.196
12/22/18 04:00,-1545451150.212
12/22/18 04:00,-1545451150.227
12/22/18 04:00,-1545451150.242
12/22/18 04:00,-1545451150.248
12/22/18 04:00,-1545451150.254
12/22/18 04:00,-1545451150.26
12/22/18 04:00,-1545451150.265
12/22/18 04:00,-1545451150.27
12/22/18 04:00,-1545451150.275
12/22/18 04:00,-1545451150.287
12/22/18 04:00,-1545451150.293
12/22/18 04:00,-1545451150.298
12/22/18 04:00,-1545451150.303
12/22/18 04:00,-1545451150.308
12/22/18 04:00,-1545451150.313
12/22/18 04:00,-1545451150.32
12/22/18 04:00,-1545451150.325
12/22/18 04:00,-1545451150.337
12/22/18 04:00,-1545451150.344
12/22/18 04:00,-1545451150.348
12/22/18 04:00,-1545451150.353
12/22/18 04:00,-1545451150.358
12/22/18 04:00,-1545451150.362
12/22/18 04:00,-1545451150.368
12/22/18 04:00,-1545451150.374
12/22/18 04:00,-1545451150.386
12/22/18 04:00,-1545451150.391
12/22/18 04:00,-1545451150.397
12/22/18 04:00,-1545451150.404
12/22/18 04:00,-1545451150.41
12/22/18 04:00,-1545451150.416
12/22/18 04:00,-1545451150.423
12/22/18 04:00,-1545451150.436
12/22/18 04:00,-1545451150.443
12/22/18 04:00,-1545451150.448
12/22/18 04:00,-1545451150.454
12/22/18 04:00,-1545451150.46
12/22/18 04:00,-1545451150.466
12/22/18 04:00,-1545451150.475
12/22/18 04:00,-1545451150.48
12/22/18 04:00,-1545451150.49
12/22/18 04:00,-1545451150.496
12/22/18 04:00,-1545451150.501
12/22/18 04:00,-1545451150.507
12/22/18 04:00,-1545451150.513
12/22/18 04:00,-1545451150.518
12/22/18 04:00,-1545451150.523
12/22/18 04:00,-1545451150.54
12/22/18 04:00,-1545451150.57
12/22/18 04:00,-1545451150.589
12/22/18 04:00,-1545451150.597
12/22/18 04:00,-1545451150.602
12/22/18 04:00,-1545451150.606
12/22/18 04:00,-1545451150.612
12/22/18 04:00,-1545451150.616
12/22/18 04:00,-1545451150.622
12/22/18 04:00,-1545451150.627
12/22/18 04:00,-1545451150.639
12/22/18 04:00,-1545451150.645
12/22/18 04:00,-1545451150.65
12/22/18 04:00,-1545451150.655
12/22/18 04:00,-1545451150.661
12/22/18 04:00,-1545451150.667
12/22/18 04:00,-1545451150.672
12/22/18 04:00,-1545451150.678
12/22/18 04:00,-1545451150.691
12/22/18 04:00,-1545451150.696
12/22/18 04:00,-1545451150.7
12/22/18 04:00,-1545451150.706
12/22/18 04:00,-1545451150.711
12/22/18 04:00,-1545451150.716
12/22/18 04:00,-1545451150.723
12/22/18 04:00,-1545451150.728
12/22/18 04:00,-1545451150.739
12/22/18 04:00,-1545451150.744
12/22/18 04:00,-1545451150.749
12/22/18 04:00,-1545451150.755
12/22/18 04:00,-1545451150.76
12/22/18 04:00,-1545451150.765
